aktørid,aktør,party,block,relation_start,relation_end
5,Frank Aaen,Enhedslisten,2,1995-10-03,2014-10-06
5,Frank Aaen,Enhedslisten - De Rød-Grønne,1,1994-09-21,1995-10-02
12,Nicolai Wammen,Socialdemokratiet,1,2002-10-01,2025-10-06
13,Sara Olsvig,Inuit Ataqatigiit,1,2011-09-15,2015-05-27
17,Christine Antorini,Socialdemokratiet,2,2007-11-13,2017-10-02
17,Christine Antorini,Socialistisk Folkeparti,1,1998-10-06,2007-11-12
18,Alex Ahrendtsen,Dansk Folkeparti,1,2022-11-01,2025-10-06
23,Bjarne Corydon,Socialdemokratiet,1,2011-09-15,2015-10-05
24,Karsten Lauritzen,"Venstre, Danmarks Liberale Parti",1,2007-11-13,2021-10-04
28,Henrik Sass Larsen,Socialdemokratiet,1,2000-10-01,2019-06-04
33,Holger K. Nielsen,Socialistisk Folkeparti,1,1982-10-05,2018-10-06
34,Søren Espersen,Danmarksdemokraterne - Inger Støjberg,3,2022-08-18,2022-10-03
34,Søren Espersen,Dansk Folkeparti,1,2007-11-13,2022-06-24
34,Søren Espersen,Uden for folketingsgrupperne - Søren Espersen,2,2022-06-25,2022-08-17
38,Astrid Krag,Socialdemokratiet,2,2014-10-07,2022-10-03
38,Astrid Krag,Socialistisk Folkeparti,1,2006-10-24,2014-10-06
39,Christian Juhl,Enhedslisten,1,2011-09-15,2022-10-03
43,Pia Olsen Dyhr,Socialistisk Folkeparti,1,2022-11-01,2025-10-06
44,Henning Hyllested,Enhedslisten,1,2011-09-15,2022-10-03
47,Karen Hækkerup (udpeget af S),Socialdemokratiet,1,2007-11-13,2014-10-06
48,Peter Skaarup,Danmarksdemokraterne – Inger Støjberg,1,2022-11-01,2025-10-06
49,Erling Bonnesen,"Venstre, Danmarks Liberale Parti",1,2022-11-01,2025-10-06
50,Liselott Blixt,Dansk Folkeparti,1,2007-11-13,2022-02-21
50,Liselott Blixt,Uden for folketingsgrupperne - Liselott Blixt,2,2022-02-22,2022-10-03
55,Marianne Jelved,Det Radikale Venstre,1,1987-10-06,2010-10-04
55,Marianne Jelved,Radikale Venstre,2,2010-10-05,2022-10-03
56,Karin Nødgaard,Dansk Folkeparti,1,2005-02-08,2018-10-01
57,Jakob Engel-Schmidt,Moderaterne,2,2022-11-01,2025-10-06
57,Jakob Engel-Schmidt,"Venstre, Danmarks Liberale Parti",1,2013-08-15,2022-10-31
59,Rasmus Helveg Petersen,Radikale Venstre,1,2011-09-15,2022-10-03
62,Annette Vilhelmsen,Socialistisk Folkeparti,1,2008-10-29,2014-11-07
64,Flemming Damgaard Larsen,"Venstre, Danmarks Liberale Parti",1,2002-10-01,2014-10-06
67,Nick Hækkerup,Socialdemokratiet,1,2007-11-13,2021-10-04
68,Nikolaj Villumsen,Enhedslisten,1,2011-09-15,2019-02-01
69,Pernille Skipper,Enhedslisten,1,2011-09-15,2022-10-03
70,Martin Henriksen (udpeget af DF),Dansk Folkeparti,1,2005-02-08,2018-10-01
71,Tom Behnke,Det Konservative Folkeparti,3,2001-02-07,2015-04-26
71,Tom Behnke,Fremskridtspartiet,1,1991-10-01,1999-10-11
71,Tom Behnke,Frihed 2000,2,1999-10-12,2001-02-06
72,Karen Ellemann,"Venstre, Danmarks Liberale Parti",1,2007-11-13,2022-10-03
73,Merete Riisager,Liberal Alliance,1,2011-09-15,2018-10-01
74,Mette Reissmann,Socialdemokratiet,1,2022-11-01,2025-10-06
75,Jeppe Mikkelsen,Radikale Venstre,1,2011-09-15,2014-11-07
77,Kristian Thulesen Dahl,Dansk Folkeparti,2,1995-10-06,2022-06-29
77,Kristian Thulesen Dahl,Fremskridtspartiet,1,1994-10-04,1995-10-05
77,Kristian Thulesen Dahl,Uden for folketingsgrupperne - Kristian Thulesen Dahl,3,2022-06-30,
78,Marie Krarup,Dansk Folkeparti,1,2011-09-15,2022-02-26
78,Marie Krarup,Uden for folketingsgrupperne - Marie Krarup,2,2022-02-27,2022-10-03
79,Christian Langballe (udpeget af DF),Dansk Folkeparti,1,2011-09-15,2020-06-08
80,Torsten Schack Pedersen,"Venstre, Danmarks Liberale Parti",1,2007-11-13,2022-10-03
81,Mads Rørvig,"Venstre, Danmarks Liberale Parti",1,2009-10-28,2014-10-06
82,Hans Kristian Skibby,Danmarksdemokraterne - Inger Støjberg,3,2022-08-18,2022-10-03
82,Hans Kristian Skibby,Dansk Folkeparti,1,2005-02-08,2022-02-21
82,Hans Kristian Skibby,Uden for folketingsgrupperne - Hans Kristian Skibby,2,2022-02-22,2022-08-17
83,Brian Mikkelsen,Det Konservative Folkeparti,1,1994-10-04,2017-10-02
84,Troels Ravn,Socialdemokratiet,1,2008-10-29,2019-09-30
85,Özlem Sara Cekic,Socialistisk Folkeparti,1,2007-11-13,2014-10-06
86,Marlene Borst Hansen,Radikale Venstre,1,2011-09-15,2017-10-08
87,Finn Sørensen,Enhedslisten,1,2011-09-15,2018-10-01
88,Martin Geertsen,"Venstre, Danmarks Liberale Parti",1,2011-09-15,2022-10-03
92,Carsten Hansen,Socialdemokratiet,1,1998-10-06,2018-04-02
93,Louise Elholm,"Venstre, Danmarks Liberale Parti",1,2007-11-13,2022-10-03
94,Peter Christensen,"Venstre, Danmarks Liberale Parti",1,2002-10-01,2014-10-06
95,Steen Gade,Socialistisk Folkeparti,1,1982-10-05,2014-10-06
96,Mike Legarth,Det Konservative Folkeparti,1,2007-11-13,2014-10-06
97,Jesper Petersen,Socialdemokratiet,1,2022-11-01,2025-10-06
98,René Christensen,Dansk Folkeparti,1,2008-01-10,2022-10-03
99,Ole Birk Olesen,Liberal Alliance,1,2011-09-15,2022-10-03
100,Sofie Carsten Nielsen,Radikale Venstre,1,2011-09-15,2022-10-03
101,Morten Marinus,Dansk Folkeparti,1,2011-09-15,2018-10-01
102,Jan E. Jørgensen,"Venstre, Danmarks Liberale Parti",1,2022-11-01,2025-10-06
103,Anne Sina,Socialdemokratiet,1,2011-10-27,2021-10-04
106,Margrethe Vestager,Det Radikale Venstre,1,2002-10-01,2007-11-12
108,Charlotte Dyremose,Det Konservative Folkeparti,1,2002-10-01,2014-10-06
109,Trine Pertou Mach,Enhedslisten,1,2022-11-01,2025-10-06
110,Rosa Lund,Enhedslisten,1,2011-09-15,2022-10-03
111,Joachim B. Olsen,Liberal Alliance,1,2011-09-15,2018-10-01
112,Lotte Rod,Radikale Venstre,1,2011-09-15,2022-10-03
113,Jens Henrik Thulesen Dahl,Danmarksdemokraterne – Inger Støjberg,1,2022-11-01,2025-10-06
116,Morten Østergaard,Det Radikale Venstre,1,2006-10-03,2010-10-04
116,Morten Østergaard,Radikale Venstre,2,2010-10-05,2020-10-05
117,Simon Emil Ammitzbøll-Bille,Det Radikale Venstre,1,2005-02-08,2008-10-12
117,Simon Emil Ammitzbøll-Bille,Liberal Alliance,3,2009-06-19,2019-10-22
117,Simon Emil Ammitzbøll-Bille,Uden for folketingsgrupperne - Simon Emil Ammitzbøll,2,2008-10-13,2009-06-18
117,Simon Emil Ammitzbøll-Bille,Uden for folketingsgrupperne - Simon Emil Ammitzbøll-Bille,4,2019-10-23,2022-10-03
118,Trine Bramsen,Socialdemokratiet,1,2011-09-15,2022-10-03
119,Dennis Flydtkjær,Danmarksdemokraterne - Inger Støjberg,3,2022-08-18,2022-10-03
119,Dennis Flydtkjær,Dansk Folkeparti,1,2006-05-23,2022-06-25
119,Dennis Flydtkjær,Uden for folketingsgrupperne - Dennis Flydtkjær,2,2022-06-26,2022-08-17
120,Benny Engelbrecht,Socialdemokratiet,1,2022-11-01,2025-10-06
121,Karina Lorentzen Dehnhardt,Socialistisk Folkeparti,1,2007-11-13,2022-10-03
122,Stine Brix,Enhedslisten,1,2011-09-15,2019-05-07
123,Andreas Steenberg,Radikale Venstre,1,2011-09-15,2022-10-03
124,Kim Christiansen,Dansk Folkeparti,1,2005-02-08,2018-10-01
125,Hans Christian Schmidt,"Venstre, Danmarks Liberale Parti",1,1998-10-06,2022-10-03
126,Kim Andersen (udpeget af V),"Venstre, Danmarks Liberale Parti",1,2000-10-03,2014-10-06
127,Preben Bang Henriksen,"Venstre, Danmarks Liberale Parti",1,2011-09-15,2022-10-03
129,Bertel Haarder,"Venstre, Danmarks Liberale Parti",1,1977-02-15,2022-10-03
130,Sophie Løhde,"Venstre, Danmarks Liberale Parti",1,2007-11-13,2022-10-03
131,Lene Espersen,Det Konservative Folkeparti,1,1994-10-04,2014-10-06
132,Søren Pind,"Venstre, Danmarks Liberale Parti",1,2007-11-13,2017-10-02
133,John Dyrby Paulsen,Socialdemokratiet,1,2005-03-10,2014-10-06
134,Christian Friis Bach,Radikale Venstre,1,2022-11-01,2024-08-04
134,Christian Friis Bach,"Venstre, Danmarks Liberale Parti",2,2024-08-05,2025-10-06
135,Mette Bock,Liberal Alliance,1,2011-09-15,2018-10-01
138,Mette Frederiksen,Socialdemokratiet,1,2002-10-01,2025-10-06
139,Thomas Danielsen,"Venstre, Danmarks Liberale Parti",1,2011-09-15,2022-10-03
141,Martin Lidegaard,Radikale Venstre,1,2022-11-01,2025-10-06
145,Lars Løkke Rasmussen,Moderaterne,3,2022-05-19,2025-10-06
145,Lars Løkke Rasmussen,Uden for folketingsgrupperne - Lars Løkke Rasmussen,2,2021-01-01,2022-05-18
145,Lars Løkke Rasmussen,"Venstre, Danmarks Liberale Parti",1,1994-10-04,2020-12-31
147,Johanne Schmidt-Nielsen,Enhedslisten,1,2007-11-13,2019-02-28
148,Anders Samuelsen,Det Radikale Venstre,1,2002-10-01,2007-11-12
148,Anders Samuelsen,Liberal Alliance,3,2008-08-28,2018-10-01
148,Anders Samuelsen,Ny Alliance,2,2007-11-13,2008-08-27
149,Lars Barfoed,Det Konservative Folkeparti,1,2002-10-01,2014-10-06
152,Ida Auken,Radikale Venstre,2,2014-02-04,2021-02-02
152,Ida Auken,Socialdemokratiet,3,2021-02-03,2022-10-03
152,Ida Auken,Socialistisk Folkeparti,1,2007-11-13,2014-02-03
153,Per Stig Møller,Det Konservative Folkeparti,1,1984-10-02,2014-10-06
154,Mogens Jensen,Socialdemokratiet,1,2022-11-01,2025-10-06
155,Villum Christensen,Liberal Alliance,1,2008-09-09,2018-10-01
156,Lone Loklindt,Radikale Venstre,1,2011-09-15,2014-10-06
158,Eigil Andersen,Socialistisk Folkeparti,1,2005-04-28,2014-10-06
159,Lars Dohn,Enhedslisten,1,2011-09-15,2014-10-06
160,Jan Johansen,Socialdemokratiet,1,2011-09-15,2022-10-03
161,Liv Holm Andersen,Radikale Venstre,1,2011-09-15,2014-10-06
162,Karina Adsbøl,Danmarksdemokraterne - Inger Støjberg,3,2022-08-18,2022-10-03
162,Karina Adsbøl,Dansk Folkeparti,1,2011-09-15,2022-02-21
162,Karina Adsbøl,Uden for folketingsgrupperne - Karina Adsbøl,2,2022-02-22,2022-08-17
163,Ellen Trane Nørby,"Venstre, Danmarks Liberale Parti",1,2007-11-13,2016-10-03
164,Hans Andersen,"Venstre, Danmarks Liberale Parti",1,2002-10-01,2022-10-03
167,Dan Jørgensen,Socialdemokratiet,1,2015-06-18,2024-09-30
168,Anni Matthiesen,"Venstre, Danmarks Liberale Parti",1,2011-09-15,2022-10-03
171,Per Clausen,Enhedslisten,1,2007-11-13,2014-10-06
172,Pernille Rosenkrantz-Theil,Enhedslisten,1,2002-10-01,2011-09-14
172,Pernille Rosenkrantz-Theil,Socialdemokratiet,2,2011-09-15,2022-10-03
173,Jacob Jensen,"Venstre, Danmarks Liberale Parti",1,2007-11-13,2022-10-03
176,Søren Søndergaard,Enhedslisten,1,2001-11-20,2025-10-06
178,Michael Aastrup Jensen,"Venstre, Danmarks Liberale Parti",1,2022-11-01,2024-09-30
179,Hans Christian Thoning,"Venstre, Danmarks Liberale Parti",1,2007-11-13,2018-10-24
180,Peter Juel-Jensen,"Venstre, Danmarks Liberale Parti",1,2007-11-13,2022-10-03
181,Annette Lind,Socialdemokratiet,1,2022-11-01,2023-10-02
182,Inger Støjberg,Danmarksdemokraterne – Inger Støjberg,1,2022-11-01,2025-10-06
183,Bent Bøgsted,Danmarksdemokraterne - Inger Støjberg,3,2022-08-18,2022-10-03
183,Bent Bøgsted,Dansk Folkeparti,1,2002-10-01,2022-02-21
183,Bent Bøgsted,Uden for folketingsgrupperne - Bent Bøgsted,2,2022-02-22,2022-08-17
184,Lennart Damsbo-Andersen,Socialdemokratiet,1,2007-11-13,2021-10-04
185,Nadeem Farooq,Radikale Venstre,1,2011-03-17,2014-10-06
187,Julie Skovsby,Socialdemokratiet,1,2007-11-13,2013-07-02
188,Sanne Rubinke,Socialistisk Folkeparti,1,2010-02-11,2015-01-12
189,Mai Mercado,Det Konservative Folkeparti,1,2011-09-15,2022-10-03
190,Thyra Frank,Liberal Alliance,1,2011-09-15,2014-11-07
191,Zenia Stampe,Radikale Venstre,1,2011-09-15,2022-10-03
192,Fatma Øktem,"Venstre, Danmarks Liberale Parti",1,2011-09-15,2022-10-03
193,Karsten Nonbo,"Venstre, Danmarks Liberale Parti",1,2000-10-03,2011-10-03
194,Kristian Pihl Lorentzen,"Venstre, Danmarks Liberale Parti",1,2007-11-13,2022-10-03
195,Pernille Vigsø Bagge,Socialistisk Folkeparti,1,2007-11-13,2014-12-19
197,Mette Gjerskov,Socialdemokratiet,1,2007-11-13,2020-10-05
198,Anne Baastrup,Socialistisk Folkeparti,1,1994-10-04,2014-10-06
199,Karsten Hønge,Socialistisk Folkeparti,1,2022-11-01,2025-10-06
200,Jane Heitmann,"Venstre, Danmarks Liberale Parti",1,2011-09-15,2022-10-03
201,Thomas Jensen,Socialdemokratiet,1,2007-11-13,2013-11-11
202,Peder Christensen,Socialdemokratiet,1,2013-10-21,2014-03-17
205,Jonas Dahl,Socialistisk Folkeparti,1,2007-11-13,2015-10-05
206,Troels Lund Poulsen,"Venstre, Danmarks Liberale Parti",1,2007-11-13,2022-10-03
207,Jakob Ellemann-Jensen,"Venstre, Danmarks Liberale Parti",1,2011-09-15,2022-10-03
208,Simon Kollerup,Socialdemokratiet,1,2022-11-01,2025-10-06
209,Camilla Hersom,Radikale Venstre,1,2011-09-15,2014-10-06
210,Birgitte Josefsen,"Venstre, Danmarks Liberale Parti",1,2004-10-19,2014-10-06
211,Jørn Dohrmann,Dansk Folkeparti,1,2002-10-01,2013-09-30
212,Eyvind Vesselbo,"Venstre, Danmarks Liberale Parti",1,2002-10-01,2014-10-06
213,Jens Joel,Socialdemokratiet,1,2011-09-15,2022-10-03
214,Jeppe Bruus,Socialdemokratiet,1,2013-11-05,2022-10-31
215,Jørgen Arbo-Bæhr,Enhedslisten,1,2011-09-15,2014-10-06
216,Mikkel Dencker,Dansk Folkeparti,1,2002-10-01,2018-10-01
217,Lars Christian Lilleholt,"Venstre, Danmarks Liberale Parti",1,2007-11-13,2021-10-04
219,Lisbeth Bech-Nielsen,Socialistisk Folkeparti,1,2011-09-15,2022-10-03
220,Morten Bødskov,Socialdemokratiet,1,2002-10-01,2022-10-03
221,Pia Adelsteen,Dansk Folkeparti,1,2007-11-13,2018-10-01
223,Henrik Høegh,"Venstre, Danmarks Liberale Parti",1,2007-11-13,2014-10-06
224,Flemming Møller Mortensen,Socialdemokratiet,1,2022-11-01,2025-10-06
225,Uffe Elbæk,Alternativet,3,2015-03-13,2020-03-09
225,Uffe Elbæk,Alternativet,6,2022-09-17,2022-10-03
225,Uffe Elbæk,"Frie Grønne, Danmarks Nye Venstrefløjsparti",5,2021-11-03,2022-09-16
225,Uffe Elbæk,Radikale Venstre,1,2011-09-15,2013-09-16
225,Uffe Elbæk,Uden for folketingsgrupperne - Uffe Elbæk,2,2013-09-17,2015-03-12
225,Uffe Elbæk,Uden for folketingsgrupperne - Uffe Elbæk,4,2020-03-10,2021-11-02
226,Ole Sohn,Socialistisk Folkeparti,1,1998-10-06,2013-09-30
231,Manu Sareen,Radikale Venstre,1,2011-01-01,2014-10-06
234,Anders Fogh Rasmussen,"Venstre, Danmarks Liberale Parti",1,1978-10-01,2007-11-12
235,Jeppe Kofod,Socialdemokratiet,1,1998-10-06,2013-09-30
238,Morten Messerschmidt,Dansk Folkeparti,1,2005-02-08,2007-05-02
238,Morten Messerschmidt,Dansk Folkeparti,3,2007-05-31,2022-10-03
238,Morten Messerschmidt,Uden for folketingsgrupperne - Morten Messerschmidt,2,2007-05-03,2007-05-30
244,Magnus Heunicke,Socialdemokratiet,1,2007-11-13,2022-10-03
245,Leif Mikkelsen,Liberal Alliance,4,2011-09-15,2018-11-07
245,Leif Mikkelsen,Ny Alliance,3,2007-07-10,2011-09-14
245,Leif Mikkelsen,Uden for folketingsgrupperne - Leif Mikkelsen,2,2007-05-11,2007-07-09
245,Leif Mikkelsen,"Venstre, Danmarks Liberale Parti",1,2002-10-01,2007-05-10
246,Orla Hav,Socialdemokratiet,1,2007-11-13,2022-10-03
247,Edmund Joensen,Sambandsflokkurin,2,2007-11-13,2022-10-03
247,Edmund Joensen,"Venstre, Danmarks Liberale Parti",1,1994-10-04,2007-11-12
249,Kirsten Brosbøl (udpeget af S),Socialdemokratiet,1,2007-11-13,2018-10-01
252,Pia Kjærsgaard,Dansk Folkeparti,2,1995-10-06,2022-10-03
252,Pia Kjærsgaard,Fremskridtspartiet,1,1984-10-02,1995-10-05
257,Bjarne Laustsen,Socialdemokratiet,1,2007-11-13,2020-10-05
258,Poul Andersen,Socialdemokratiet,1,1992-10-06,2013-09-30
259,Anne-Mette Winther Christiansen (udpeget af V),"Venstre, Danmarks Liberale Parti",1,2007-11-13,2014-10-06
260,Leif Lahn Jensen,Socialdemokratiet,1,2007-11-13,2022-10-03
261,Esben Lunde Larsen,"Venstre, Danmarks Liberale Parti",1,2011-09-15,2017-10-02
262,Sjúrður Skaale,Javnaðarflokkurin,1,2022-11-01,2025-10-06
263,Mette Hjermind Dencker,Dansk Folkeparti,1,2011-09-15,2022-10-03
264,Rasmus Prehn,Socialdemokratiet,1,2022-11-01,2024-09-30
265,Eva Kjer Hansen,"Venstre, Danmarks Liberale Parti",1,1991-10-01,2022-10-03
266,Rasmus Horn Langhoff,Socialdemokratiet,1,2011-09-15,2022-10-03
268,Helle Løvgreen Mølvig,Radikale Venstre,1,2014-08-01,2014-10-06
270,Claus Hjort Frederiksen,"Venstre, Danmarks Liberale Parti",1,2007-11-13,2022-10-03
271,Kristian Jensen,"Venstre, Danmarks Liberale Parti",1,1998-10-06,2020-10-05
272,Ole Hækkerup,Socialdemokratiet,1,1998-10-06,2015-11-12
273,Per Husted,Socialdemokratiet,1,2009-03-24,2023-10-02
276,Pernille Boye Koch,Radikale Venstre,1,2013-01-01,2013-10-20
276,Pernille Boye Koch,Radikale Venstre,3,2013-10-21,
276,Pernille Boye Koch,Uden for folketingsgrupperne - Uffe Elbæk,2,2013-10-21,2013-10-20
277,Johan Lund Olsen,Inuit Ataqatigiit,1,2013-09-08,2014-10-06
278,Karin Gaardsted,Socialdemokratiet,1,2011-09-15,2021-02-21
279,Tina Nedergaard,"Venstre, Danmarks Liberale Parti",1,2002-10-01,2014-10-06
280,Karen J. Klint (udpeget af S),Socialdemokratiet,1,2007-11-13,2011-11-17
281,Finn Thranum,"Venstre, Danmarks Liberale Parti",1,2011-12-06,2014-10-06
282,Sanne Bjørn,Radikale Venstre,1,2014-04-29,2017-01-30
286,Ane Halsboe-Jørgensen,Socialdemokratiet,1,2011-09-15,2022-10-03
288,Torben Hansen (udpeget af S),Socialdemokratiet,1,2002-10-01,2014-10-06
294,Doris Jakobsen,Siumut,1,2009-10-08,2015-02-11
296,Ulla Tørnæs,"Venstre, Danmarks Liberale Parti",1,1994-10-04,2022-10-03
297,Maja Panduro (udpeget af S),Socialdemokratiet,1,2009-08-05,2019-05-07
302,Benedikte Kiær,Det Konservative Folkeparti,1,2011-09-15,2013-09-30
303,Anita Christensen,Dansk Folkeparti,1,2007-11-15,2015-05-27
304,Jacob Lund,Socialdemokratiet,1,2011-11-29,2014-10-06
305,Jens Ejner Christensen,"Venstre, Danmarks Liberale Parti",1,2014-07-01,2014-10-06
343,Mie Bergmann,Radikale Venstre,1,2013-01-10,2014-10-21
344,Linda Kristiansen,Radikale Venstre,1,2012-10-23,
348,Villy Søvndal,Socialistisk Folkeparti,1,1994-08-01,2013-09-30
350,Gitte Lillelund Bech,"Venstre, Danmarks Liberale Parti",1,1999-10-01,2012-10-01
351,Sophie Hæstorp Andersen,Socialdemokratiet,1,2002-10-01,2013-12-03
352,Henrik Dam Kristensen,Socialdemokratiet,1,1992-10-06,2022-10-03
353,Lykke Friis,"Venstre, Danmarks Liberale Parti",1,2011-09-15,2012-10-01
354,Mette Boye,Socialistisk Folkeparti,1,2013-04-30,
362,Vivi Kier,Det Konservative Folkeparti,1,2007-11-13,2013-09-30
363,Jacob Bjerregaard,Socialdemokratiet,1,2011-09-15,2013-09-30
364,Birthe Rønn Hornbech,"Venstre, Danmarks Liberale Parti",1,1984-10-02,2014-10-06
365,Karen Jespersen,Socialdemokratiet,1,1991-10-01,2007-11-12
365,Karen Jespersen,"Venstre, Danmarks Liberale Parti",2,2007-11-13,2014-10-06
366,Daniel Toft Jakobsen,Socialdemokratiet,1,2012-10-23,2022-10-03
367,Karen Touborg,Socialistisk Folkeparti,1,2013-04-04,
370,Thomas Medom,Socialistisk Folkeparti,1,2013-10-01,2013-09-30
371,Niels Christian Nielsen,Socialdemokratiet,1,2008-11-03,2013-06-24
376,Annika Smith,Socialistisk Folkeparti,1,2013-11-26,
378,Merete Dea Larsen,Dansk Folkeparti,1,2011-10-27,2018-10-01
379,Kristen Touborg,Socialistisk Folkeparti,1,1994-10-04,2013-10-22
384,Mogens Lykketoft,Socialdemokratiet,1,1987-09-08,2016-09-30
386,Claus Larsen-Jensen (udpeget af),Socialdemokratiet,1,1998-10-06,2017-10-08
645,Christian Mejdahl,"Venstre, Danmarks Liberale Parti",1,1987-10-06,2003-10-06
646,Jens Hald,"Venstre, Danmarks Liberale Parti",1,1994-09-21,2003-10-06
647,Charlotte Antonsen (udpeget af V),"Venstre, Danmarks Liberale Parti",1,1991-10-01,2003-10-06
648,Carina Christensen,Det Konservative Folkeparti,1,2002-10-01,2010-10-04
649,Jakob Axel Nielsen,Det Konservative Folkeparti,1,2007-11-13,2010-10-04
650,Hüseyin Arac,Socialdemokratiet,1,2010-10-26,
651,Jens Christian Lund,Socialdemokratiet,1,2007-11-13,2010-10-04
652,Lene Jensen,Socialdemokratiet,1,2002-10-01,2003-10-06
653,Lise von Seelen,Socialdemokratiet,1,2007-11-13,2010-10-04
654,Lone Dybkjær,Det Radikale Venstre,1,1974-10-01,2010-10-04
654,Lone Dybkjær,Radikale Venstre,2,2010-10-05,2011-04-15
655,Rune Lund,Enhedslisten,1,2007-10-13,2021-10-04
656,Jesper Kiel,Enhedslisten,1,2005-01-13,2017-11-29
657,Pia Larsen,"Venstre, Danmarks Liberale Parti",1,1991-10-01,2003-10-06
660,Svend Erik Hovmand,"Venstre, Danmarks Liberale Parti",1,1976-10-05,2003-10-06
661,Jens Rohde,Kristendemokraterne,4,2021-04-27,2022-08-25
661,Jens Rohde,Radikale Venstre,2,2019-06-05,2021-01-26
661,Jens Rohde,Uden for folketingsgrupperne - Jens Rohde,3,2021-01-27,2021-04-26
661,Jens Rohde,Uden for folketingsgrupperne - Jens Rohde,5,2022-08-26,2022-10-03
661,Jens Rohde,"Venstre, Danmarks Liberale Parti",1,1998-10-06,2019-06-04
662,Poul Nødgaard,Dansk Folkeparti,2,1995-10-06,2005-02-07
662,Poul Nødgaard,Fremskridtspartiet,1,1991-10-01,1995-10-05
663,Christian H. Hansen,Dansk Folkeparti,1,1998-10-06,2010-01-31
663,Christian H. Hansen,Uden for folketingsgrupperne - Christian H. Hansen,2,2010-02-01,2010-10-04
664,Pia Christmas-Møller,Det Konservative Folkeparti,1,1988-05-10,2007-12-04
664,Pia Christmas-Møller,Uden for folketingsgrupperne - Pia Christmas-Møller,2,2007-12-05,2010-10-04
665,Helge Adam Møller,Det Konservative Folkeparti,1,1987-09-08,2010-10-04
666,Jørn Pedersen,Socialdemokratiet,1,1991-10-01,2007-05-07
667,Søren Egge Rasmussen,Enhedslisten,1,2005-12-12,2022-10-03
668,Naser Khader,Det Konservative Folkeparti,6,2009-03-18,2021-08-18
668,Naser Khader,Det Radikale Venstre,1,2002-10-01,2007-05-08
668,Naser Khader,Liberal Alliance,4,2008-08-28,2009-01-04
668,Naser Khader,Ny Alliance,3,2007-07-10,2008-08-27
668,Naser Khader,Uden for folketingsgrupperne - Naser Khader,2,2007-05-09,2007-07-09
668,Naser Khader,Uden for folketingsgrupperne - Naser Khader,5,2009-01-05,2009-03-17
668,Naser Khader,Uden for folketingsgrupperne - Naser Khader,7,2021-08-19,2022-10-03
669,Frank Jensen,Socialdemokratiet,1,1987-10-06,2003-10-06
670,Lars Emil Johansen,Siumut,1,2002-10-01,2010-10-04
671,Niels Helveg Petersen,Det Radikale Venstre,1,1967-10-03,2010-10-04
671,Niels Helveg Petersen,Radikale Venstre,2,2010-10-05,
672,Kuupik Kleist,Inuit Ataqatigiit,1,2001-11-20,2003-10-06
675,Hanne Severinsen,"Venstre, Danmarks Liberale Parti",1,1984-10-02,2003-10-06
676,Søren Krarup,Dansk Folkeparti,1,2002-10-01,2010-10-04
677,Jesper Langballe,Dansk Folkeparti,1,2002-10-01,2010-10-04
678,Klaus Hækkerup (udpeget af S),Socialdemokratiet,1,1988-10-04,2010-10-04
679,Per Kaalund,Socialdemokratiet,1,1994-10-04,2003-10-06
680,Morten Helveg Petersen,Det Radikale Venstre,1,1998-10-06,2008-10-06
725,Preben Rudiengaard,"Venstre, Danmarks Liberale Parti",1,1998-03-11,2010-10-04
794,Lene Garsdal,Socialistisk Folkeparti,1,2001-10-01,2003-10-06
801,Lene Hansen,Socialdemokratiet,1,2007-11-13,2009-10-05
856,Line Barfod,Enhedslisten,1,2002-10-01,2010-10-04
918,Lisbeth Petersen,"Venstre, Danmarks Liberale Parti",1,2002-10-01,2003-10-06
920,Lise Hækkerup,Socialdemokratiet,1,1991-10-01,2004-11-10
951,Lissa Mathiasen,Socialdemokratiet,1,1984-01-10,2003-10-06
1023,Lone Møller (udpeget af S),Socialdemokratiet,1,1987-10-06,2010-10-04
1039,Lotte Bundsgaard,Socialdemokratiet,1,1998-10-06,2003-10-06
1044,Lotte Thiim Bertelsen,Socialistisk Folkeparti,1,2006-10-05,
1047,Louise Frevert,Dansk Folkeparti,1,2002-10-01,2007-05-08
1047,Louise Frevert,Uden for folketingsgrupperne - Louise Frevert,2,2007-05-09,
1067,Lykke Roed,Dansk Folkeparti,1,2004-10-19,
1085,Majbrit Berlau,Enhedslisten,1,2005-03-31,2005-10-12
1087,Malene Søgaard-Andersen,Socialistisk Folkeparti,1,2010-10-14,
1090,Malou Aamund,Ny Alliance,1,2007-11-13,2008-02-06
1090,Malou Aamund,"Venstre, Danmarks Liberale Parti",2,2008-02-07,2010-10-04
1094,Margot Torp,Socialdemokratiet,1,1998-10-06,2004-07-07
1115,Marianne Pedersen,"Venstre, Danmarks Liberale Parti",1,2002-10-01,2003-10-06
1116,Marianne Saxtoft,Det Radikale Venstre,1,2006-01-23,2007-01-21
1121,Marie Fugl,Socialistisk Folkeparti,1,2005-10-27,2007-05-07
1124,Marion Pedersen,"Venstre, Danmarks Liberale Parti",1,2004-10-19,2010-10-04
1146,Marlene Harpsøe,Danmarksdemokraterne – Inger Støjberg,2,2022-11-01,2025-10-06
1146,Marlene Harpsøe,Dansk Folkeparti,1,2007-11-13,2022-10-31
1162,Meta Fuglsang,Socialistisk Folkeparti,1,2009-02-02,2012-01-16
1172,Mia Falkenberg,Dansk Folkeparti,1,2005-06-17,2007-11-12
1183,Michael Thomsen,Socialistisk Folkeparti,1,2006-02-07,
1201,Mogens Camre,Dansk Folkeparti,2,2007-11-13,
1201,Mogens Camre,Socialdemokratiet,1,1968-10-01,2007-11-12
1219,Mogens Nørgård,Kristeligt Folkeparti,1,2002-09-10,2003-10-29
1219,Mogens Nørgård,Kristendemokraterne,2,2003-10-30,
1234,Morten Homann,Socialistisk Folkeparti,1,2002-10-01,2003-10-06
1250,Jan Trøjborg,Socialdemokratiet,1,1987-10-06,2003-10-06
1256,Pia Gjellerup (udpeget af S),Socialdemokratiet,1,1987-10-06,2003-10-06
1258,Nanna Westerby,Socialistisk Folkeparti,1,2007-11-13,2010-12-17
1269,Niels Høiby,Liberal Alliance,1,2011-06-05,
1280,Niels Sindal,Socialdemokratiet,1,2002-10-01,2010-10-04
1299,Helle Sjelle,Det Konservative Folkeparti,1,2002-10-01,2012-10-23
1319,Ole Stavad (udpeget af S),Socialdemokratiet,1,1980-10-07,2003-10-06
1325,Ole Vagn Christensen,Socialdemokratiet,1,1984-10-02,2010-10-04
1334,Peter Laigaard,Liberal Alliance,1,2014-10-22,
1353,Peder Sass,Socialdemokratiet,1,1991-10-01,2003-10-06
1357,Helge Sander,"Venstre, Danmarks Liberale Parti",1,1984-10-02,2010-10-04
1358,Julie Rademacher,Socialdemokratiet,1,2007-11-13,2010-10-04
1362,Per Bisgaard,"Venstre, Danmarks Liberale Parti",1,2007-11-13,2010-11-18
1371,Per Dalgaard,Dansk Folkeparti,1,2002-10-01,2010-10-04
1375,Per Løkken,Det Konservative Folkeparti,1,2009-10-28,2015-02-02
1378,Per Ørum Jørgensen,Det Konservative Folkeparti,1,2005-02-08,2010-05-19
1378,Per Ørum Jørgensen,Kristendemokraterne,3,2010-06-21,2010-10-04
1378,Per Ørum Jørgensen,Uden for folketingsgrupperne - Per Ørum Jørgensen,2,2010-05-20,2010-06-20
1385,Pernille Frahm (udpeget af SF),Socialistisk Folkeparti,1,1991-10-01,2010-10-04
1392,Pernille Søndergaard,Enhedslisten,1,2008-01-15,
1393,Pernille Blach Hansen,Socialdemokratiet,1,1998-10-06,2003-10-06
1398,Peter Brixtofte,Uden for folketingsgrupperne - Peter Brixtofte,2,2002-05-16,2003-10-06
1398,Peter Brixtofte,"Venstre, Danmarks Liberale Parti",1,1974-10-01,2002-05-15
1410,Peter Madsen,"Venstre, Danmarks Liberale Parti",1,2010-05-03,2010-10-04
1413,Peter Westermann,Socialistisk Folkeparti,1,2010-10-05,
1414,Peter Christian Christensen,Socialdemokratiet,1,1994-10-04,1997-10-06
1417,Pia Boisen,Enhedslisten,1,2004-10-18,
1431,Pia Kristensen,Dansk Folkeparti,1,2002-10-01,2005-02-07
1433,Poul Fischer,Dansk Folkeparti,1,2002-10-01,2004-11-13
1444,Poul Henrik Hedeboe,Socialistisk Folkeparti,1,2004-07-16,
1447,Poul Qvist Jørgensen,Socialdemokratiet,1,1984-10-02,2003-10-06
1454,Rasmus Jarlov,Det Konservative Folkeparti,1,2010-01-12,2022-10-03
1455,René Skau Björnsson,Socialdemokratiet,1,1998-10-06,2014-11-03
1461,Rikke Hvilshøj,"Venstre, Danmarks Liberale Parti",1,1998-10-06,2007-11-12
1463,Ritt Bjerregaard,Socialdemokratiet,1,1971-10-05,2003-10-06
1470,Sandy Brinck,Socialdemokratiet,1,1999-09-16,2003-10-06
1471,Sanne Schroll,Socialistisk Folkeparti,1,2007-03-20,
1473,Sidsel Homann,Socialistisk Folkeparti,1,2005-12-08,2008-10-08
1474,Sidsel Leth Svensson,Det Konservative Folkeparti,1,2006-05-15,
1478,Simon Pihl Sørensen,Socialdemokratiet,1,2006-01-10,2007-04-09
1484,Sofia Rossen,Inuit Ataqatigiit,1,2007-04-10,2010-01-11
1495,Bendt Bendtsen,Det Konservative Folkeparti,1,1994-10-04,2003-10-06
1502,Karl H. Bornhøft,Socialistisk Folkeparti,1,2007-11-13,2014-11-03
1503,Hans Vestager,Radikale Venstre,1,2012-03-05,2012-10-01
1504,Laura Lindahl,Liberal Alliance,1,2012-10-23,2018-10-01
1513,Kisser Franciska Lehnert,Liberal Alliance,1,2012-10-02,2012-10-01
1556,Jann Sjursen,Kristeligt Folkeparti,1,1998-03-11,2003-10-29
1556,Jann Sjursen,Kristendemokraterne,2,2003-10-30,
1557,Bodil Kornbek,Kristeligt Folkeparti,1,2001-11-20,2003-10-29
1557,Bodil Kornbek,Kristendemokraterne,2,2003-10-30,
1558,Tove Videbæk,Kristeligt Folkeparti,1,1998-03-11,2003-10-29
1558,Tove Videbæk,Kristendemokraterne,2,2003-10-30,
1618,Walter Christophersen,Dansk Folkeparti,1,2005-02-08,
1619,Yildiz Akdogan,Socialdemokratiet,1,2007-11-13,2025-10-06
1623,Aage Frandsen,Socialistisk Folkeparti,1,1971-10-05,2003-10-06
1636,Aase D. Madsen (udpeget af DF),Dansk Folkeparti,1,1998-10-06,2003-10-06
1718,Svend Heiselberg,"Venstre, Danmarks Liberale Parti",1,1980-10-07,2003-10-06
1727,Jette Bergenholz Bautrup,Socialdemokratiet,1,2002-10-01,2003-10-06
1730,Elsebeth Gerner Nielsen,Det Radikale Venstre,1,1994-10-04,2003-10-06
1731,Flemming Hansen,Det Konservative Folkeparti,1,1984-10-02,2003-10-06
1739,Thor Gunnar Kofoed,"Venstre, Danmarks Liberale Parti",1,2002-10-01,2003-10-06
1740,Karina Sørensen,Dansk Folkeparti,1,2002-10-01,2003-10-06
1744,Kamal Qureshi,Socialistisk Folkeparti,1,2002-10-01,2010-10-04
1745,Ulrik Kragh,"Venstre, Danmarks Liberale Parti",1,2001-02-04,2008-10-28
1746,Tove Fergo,"Venstre, Danmarks Liberale Parti",1,1994-10-04,2003-10-06
1747,Jytte Wittrock,Socialdemokratiet,1,1994-10-04,2003-10-06
1749,Jens Vibjerg (udpeget af V),"Venstre, Danmarks Liberale Parti",1,1994-10-04,2010-10-04
1751,Inger Bierbaum,Socialdemokratiet,1,1994-10-04,2003-10-06
1752,Jørn Jespersen,Socialistisk Folkeparti,1,1987-10-06,2003-10-06
1753,Flemming Oppfeldt,Uden for folketingsgrupperne - Flemming Oppfeldt,2,2004-10-19,
1753,Flemming Oppfeldt,"Venstre, Danmarks Liberale Parti",1,1994-10-04,2004-10-18
1755,Colette L. Brix,Dansk Folkeparti,1,2002-10-01,2010-10-04
1757,Irene Simonsen,"Venstre, Danmarks Liberale Parti",1,2002-10-01,2010-10-26
1759,Kaj Ikast,Det Konservative Folkeparti,1,1983-06-28,2003-10-06
1760,Helga Moos,"Venstre, Danmarks Liberale Parti",1,1998-10-06,2003-10-06
1761,Else Theill Sørensen,Det Konservative Folkeparti,1,1987-10-06,2003-10-06
1767,Arne Toft,Socialdemokratiet,1,2002-10-01,2003-10-06
1768,Grete Schødts,Socialdemokratiet,1,1988-10-04,2003-10-06
1769,Birthe Skaarup (udpeget af DF),Dansk Folkeparti,1,1998-10-06,2005-02-07
1770,Erik Mortensen,Socialdemokratiet,1,1994-10-04,2003-10-06
1771,Uno Larsson,Dansk Folkeparti,1,2002-10-01,2003-10-06
1773,Carsten Bo Jensen,Socialdemokratiet,1,2002-10-01,2003-10-06
1774,Jørgen Winther,"Venstre, Danmarks Liberale Parti",1,1988-10-04,2003-10-06
1777,Anita Knakkergaard,Dansk Folkeparti,1,2002-10-01,2010-10-04
1778,Svend Auken,Socialdemokratiet,1,1973-10-02,2008-10-06
1779,Else Winther Andersen,"Venstre, Danmarks Liberale Parti",1,1991-10-01,2003-10-06
1790,Freddy Dam (udpeget af V),"Venstre, Danmarks Liberale Parti",1,2002-10-01,2003-10-06
1791,Henrik Vestergaard,"Venstre, Danmarks Liberale Parti",1,2002-10-01,2003-10-06
1792,Svend Aage Jensby,"Venstre, Danmarks Liberale Parti",1,1991-10-01,2003-10-06
1793,Keld Albrechtsen,Enhedslisten,3,1995-10-03,2003-10-06
1793,Keld Albrechtsen,Enhedslisten - De Rød-Grønne,2,1994-09-21,1995-10-02
1793,Keld Albrechtsen,Venstresocialisterne,1,1984-10-02,1994-09-20
1804,Jan Petersen (udpeget af S),Socialdemokratiet,1,1991-10-01,2003-10-06
1805,Inge-Lene Ebdrup,Ny Alliance,2,2007-08-15,
1805,Inge-Lene Ebdrup,"Venstre, Danmarks Liberale Parti",1,2002-10-01,2007-08-14
1811,Erik Larsen (udpeget af V),"Venstre, Danmarks Liberale Parti",1,1991-10-01,2003-10-06
1814,Gudrun Laub,"Venstre, Danmarks Liberale Parti",1,2002-10-01,2006-11-13
1815,Jette Jespersen,Dansk Folkeparti,1,2002-10-01,2003-10-06
1817,Jens Christian Larsen,"Venstre, Danmarks Liberale Parti",1,2002-10-01,2003-10-06
1818,Ester Larsen,"Venstre, Danmarks Liberale Parti",1,1994-10-04,2003-10-06
1821,Sven Buhrkall,"Venstre, Danmarks Liberale Parti",1,2002-10-01,2003-10-06
1822,Jens Peter Vernersen,Socialdemokratiet,1,1994-10-04,2010-10-04
1823,Knud Erik Kirkegaard,Det Konservative Folkeparti,1,1984-10-02,2003-10-06
1824,Anders Møller,Uden for folketingsgrupperne - Anders Møller,2,2003-10-07,
1824,Anders Møller,"Venstre, Danmarks Liberale Parti",1,2002-10-01,2003-10-06
1829,Thor Pedersen,"Venstre, Danmarks Liberale Parti",1,1985-01-01,2010-10-04
1830,Helge Mortensen,Socialdemokratiet,1,1984-10-02,2003-10-06
1831,Freddie H. Madsen,Dansk Folkeparti,1,2002-10-01,2003-10-06
1833,Høgni Hoydal,Tjóðveldi,2,2010-12-17,2017-10-02
1833,Høgni Hoydal,Tjóðveldisflokkurin,1,2001-11-20,2010-12-16
1844,Jens Kirk,"Venstre, Danmarks Liberale Parti",1,1994-10-04,2010-10-04
1845,Søren Gade,"Venstre, Danmarks Liberale Parti",1,2002-10-01,2025-10-06
1850,Christian Lund Jepsen,"Venstre, Danmarks Liberale Parti",1,2003-03-12,2003-10-06
1879,Lars Kramer Mikkelsen,Socialdemokratiet,1,1998-10-06,2003-10-06
1880,Anne-Marie Meldgaard,Socialdemokratiet,1,1991-10-01,2010-10-04
1881,Elisabeth Arnold,Det Radikale Venstre,1,1988-10-04,2003-10-06
1882,Henriette Kjær,Det Konservative Folkeparti,1,1994-10-04,2010-10-04
1883,Anne Grete Holmsgaard (udpeget af SF),Socialistisk Folkeparti,3,1986-09-12,2010-10-04
1883,Anne Grete Holmsgaard (udpeget af SF),Uden for folketingsgrupperne - Anne Grete Holmsgaard,2,1986-07-01,1986-09-11
1883,Anne Grete Holmsgaard (udpeget af SF),Venstresocialisterne,1,1980-10-07,1986-06-30
1885,Inge Dahl-Sørensen,"Venstre, Danmarks Liberale Parti",1,1988-10-04,2003-10-06
1886,Jacob Buksti,Socialdemokratiet,1,1994-10-04,2003-10-06
1887,Connie Hedegaard,Det Konservative Folkeparti,1,1984-10-02,2009-10-05
1891,Thomas Adelskov,Socialdemokratiet,1,2000-09-01,2009-10-05
1911,Henning Gjellerod,Socialdemokratiet,1,1991-10-01,2004-07-07
1912,Ida Jørgensen,Det Radikale Venstre,1,2004-07-15,
1914,Jakob Jensen,Socialdemokratiet,1,2004-10-19,
1916,Christian Wedell-Neergaard,Det Konservative Folkeparti,1,2004-07-20,
1947,Søren Hansen,Socialdemokratiet,1,1980-10-07,2005-01-10
1948,Birgitte Møller,Det Radikale Venstre,1,2005-01-13,
1951,Flemming Møller (udpeget af V),"Venstre, Danmarks Liberale Parti",1,2004-10-19,2010-10-04
2103,Britta Schall Holberg,"Venstre, Danmarks Liberale Parti",1,1984-10-02,2010-10-04
2156,Gitte Seeberg,Det Konservative Folkeparti,1,1994-10-04,2007-11-12
2156,Gitte Seeberg,Ny Alliance,2,2007-11-13,2008-01-29
2156,Gitte Seeberg,Uden for folketingsgrupperne - Gitte Seeberg,3,2008-01-30,
3082,Henrik Brodersen,Dansk Folkeparti,1,2005-03-01,2018-10-01
3084,Troels Christensen (udpeget af V),"Venstre, Danmarks Liberale Parti",1,2007-11-13,2010-10-04
3085,Kim Mortensen,Socialdemokratiet,1,2007-11-13,2010-10-04
3086,Johs. Poulsen,Det Radikale Venstre,1,2006-11-04,2010-10-04
3086,Johs. Poulsen,Radikale Venstre,2,2010-10-05,2010-11-18
3088,Bente Dahl,Det Radikale Venstre,1,2007-11-13,2010-10-04
3088,Bente Dahl,Radikale Venstre,2,2010-10-05,
3090,Tina Petersen,Dansk Folkeparti,1,2005-02-08,2010-10-04
3092,Vibeke Grave,Socialdemokratiet,1,2005-03-31,2010-10-04
3992,Bjørn Medom Nielsen,Socialdemokratiet,1,2006-01-01,
3993,Grethe H. Nielsen,Socialdemokratiet,1,2005-10-27,
3994,Jesper Kinch-Jensen,Socialdemokratiet,1,2006-01-17,
3995,Egil Møller,Dansk Folkeparti,1,1998-10-06,2005-10-05
3996,Henrik Fruergaard,"Venstre, Danmarks Liberale Parti",1,2006-05-29,
3997,Tina Bostrup,Det Radikale Venstre,1,2005-12-12,
3998,Thomas Krog,Socialistisk Folkeparti,1,2006-01-10,
4428,Jens Borking,Enhedslisten,1,2007-10-02,
4433,Jens Jørgen Nygaard,Det Konservative Folkeparti,1,2007-05-08,2007-10-01
4434,Abbas Razvi,Det Radikale Venstre,1,2007-10-02,2021-12-05
4434,Abbas Razvi,Radikale Venstre,2,2021-12-06,2022-10-03
4515,Jørgen S. Lundsgaard,Det Konservative Folkeparti,1,2009-06-18,2010-10-04
4956,Ib Poulsen,Dansk Folkeparti,1,2007-11-13,2018-10-01
4957,Tage Leegaard,Det Konservative Folkeparti,1,2010-01-01,2010-10-04
4965,Hanne Agersnap (udpeget af SF),Socialistisk Folkeparti,1,2007-11-13,2010-11-18
4968,Knud Kristensen,Det Konservative Folkeparti,1,2007-11-13,2009-10-05
4969,Jørgen Poulsen,Det Radikale Venstre,3,2008-08-13,2010-10-04
4969,Jørgen Poulsen,Ny Alliance,1,2007-11-13,2008-06-23
4969,Jørgen Poulsen,Radikale Venstre,4,2010-10-05,
4969,Jørgen Poulsen,Uden for folketingsgrupperne - Jørgen Poulsen,2,2008-06-24,2008-08-12
4971,Jane Alrø Sørensen,Socialistisk Folkeparti,1,2008-04-13,2009-10-27
5132,Flemming Bonne,Socialistisk Folkeparti,1,2007-11-13,2009-10-05
5182,Anne Marie Geisler Andersen,Det Radikale Venstre,1,2009-09-01,2010-10-04
5182,Anne Marie Geisler Andersen,Radikale Venstre,2,2010-10-05,2018-11-25
5468,Dorrit Knudsen,Socialdemokratiet,1,2006-10-03,2011-01-24
6684,Annita á Fríðriksmørk,Tjóðveldisflokkurin,1,2008-09-09,2008-10-06
6685,Anders Broholm,"Venstre, Danmarks Liberale Parti",1,2008-01-22,2008-10-30
6686,Torben Lund,Socialistisk Folkeparti,1,2008-01-10,
6687,Kaj Leo Johannesen,Sambandsflokkurin,1,2007-12-04,
6688,Henrik Rasmussen,Det Konservative Folkeparti,1,2007-11-29,2010-01-03
6689,Juliane Henningsen Heilmann,Inuit Ataqatigiit,1,2007-11-13,2010-10-04
6701,Kenneth F. Christensen,Socialdemokratiet,1,2008-10-07,
6737,Johannes Lebech,Radikale Venstre,1,2016-05-10,
8910,Karin Storgaard,Dansk Folkeparti,1,2008-10-29,
8917,Thomas Horn,Socialdemokratiet,1,2008-10-29,2009-10-27
9780,Tórbjørn Jacobsen,Tjóðveldi,1,2016-10-18,
9976,Jette Gottlieb,Enhedslisten,2,1995-10-03,2024-09-30
9976,Jette Gottlieb,Enhedslisten - De Rød-Grønne,1,1994-09-21,1995-10-02
10107,Bruno Jerup,Enhedslisten,2,1995-10-03,2022-03-31
10107,Bruno Jerup,Enhedslisten - De Rød-Grønne,1,1994-09-21,1995-10-02
10690,Steen Konradsen,Det Konservative Folkeparti,1,2010-02-11,
10691,Kurt Scheelsbeck,Det Konservative Folkeparti,1,2010-09-07,2010-10-04
10702,Helle Dam,Socialdemokratiet,1,2009-10-29,
10704,Kasper Krüger,"Venstre, Danmarks Liberale Parti",1,2010-06-10,
10705,Bente Kronborg Holst,Dansk Folkeparti,1,2009-10-28,
10706,Jette Plesner Dali,Dansk Folkeparti,1,2010-03-01,
10707,Erikanell Asmuss Lorentsen,Det Radikale Venstre,1,2010-04-06,2010-10-26
10707,Erikanell Asmuss Lorentsen,Radikale Venstre,2,2010-10-27,
11412,Anna Kirsten Olesen,Socialdemokratiet,1,2010-10-27,
11583,Kenneth Kristensen Berth,Dansk Folkeparti,1,2011-02-22,2018-10-01
11584,Daniel Rugholm,Det Konservative Folkeparti,1,2010-11-01,2014-11-10
11585,Jens Arne Hedegaard,"Venstre, Danmarks Liberale Parti",1,2010-10-27,
11586,Bilal Inekci,Socialistisk Folkeparti,1,2010-10-27,
11702,Per Larsen,Det Konservative Folkeparti,1,2022-11-01,2025-10-06
12283,Aksel V. Johannesen,Javnaðarflokkurin,1,2012-04-20,
12284,Marie-Louise Andreassen,Radikale Venstre,1,2011-10-27,
12285,Ida Damborg,Socialistisk Folkeparti,1,2011-10-27,
13727,Sarah Nørris,Enhedslisten,1,2014-10-22,
13836,Helge Vagn Jacobsen,Radikale Venstre,1,2014-11-03,
13843,Bente Bendix,"Venstre, Danmarks Liberale Parti",1,2014-11-07,
14000,Nick Nielsen,Siumut,1,2014-12-16,
14372,Susanne Eilersen (udpeget af DF),Dansk Folkeparti,1,2015-03-10,2022-10-03
15757,Aaja Chemnitz,Inuit Ataqatigiit,1,2022-11-01,2025-10-06
15758,Aleqa Hammond,Nunatta Qitornai,3,2018-10-02,
15758,Aleqa Hammond,Siumut,1,2015-06-18,2016-08-22
15758,Aleqa Hammond,Uden for folketingsgrupperne - Aleqa Hammond ,2,2016-08-23,2018-10-01
15760,Lea Wermelin,Socialdemokratiet,1,2015-06-18,2023-10-02
15761,Karina Due,Dansk Folkeparti,1,2015-06-18,2018-10-01
15762,Christian Rabjerg Madsen,Socialdemokratiet,1,2015-06-18,2022-10-03
15763,Peter Kofod,Dansk Folkeparti,1,2015-06-18,2023-10-10
15764,Jan Rytkjær Callesen,Dansk Folkeparti,1,2015-06-18,2018-10-01
15765,Carl Holst,"Venstre, Danmarks Liberale Parti",1,2015-06-18,2018-11-07
15766,Erik Christensen (udpeget af S),Socialdemokratiet,1,2015-06-18,2018-10-01
15767,Pernille Bendixen,Dansk Folkeparti,1,2015-06-18,2019-12-02
15768,Pernille Schnoor,Alternativet,2,2016-04-24,2018-10-01
15768,Pernille Schnoor,Socialdemokratiet,1,2015-06-18,2016-04-23
15769,Maria Reumert Gjerding,Enhedslisten,1,2015-06-18,2017-10-02
15770,Mattias Tesfaye,Socialdemokratiet,1,2015-06-18,2025-10-06
15771,Morten Løkkegaard,"Venstre, Danmarks Liberale Parti",1,2015-06-18,2015-10-05
15772,Ulla Sandbæk,Alternativet,1,2015-06-18,2018-10-01
15773,Christina Egelund,Liberal Alliance,1,2015-06-18,2018-10-01
15774,Lise Bech,Danmarksdemokraterne - Inger Støjberg,3,2022-08-18,2022-10-31
15774,Lise Bech,Danmarksdemokraterne – Inger Støjberg,4,2022-11-01,2023-10-02
15774,Lise Bech,Dansk Folkeparti,1,2015-06-18,2022-02-21
15774,Lise Bech,Uden for folketingsgrupperne - Lise Bech,2,2022-02-22,2022-08-17
15775,Torsten Gejl,Alternativet,1,2015-06-18,2022-10-03
15776,Peter Hummelgaard,Socialdemokratiet,1,2015-06-18,2025-10-06
15777,Pelle Dragsted,Enhedslisten,1,2015-06-18,2022-10-31
15778,Carolina Magdalene Maier,Alternativet,1,2015-06-18,2018-10-01
15779,Carsten Bach,Liberal Alliance,1,2015-06-18,2025-10-06
15780,Tilde Bork,Dansk Folkeparti,1,2015-06-18,2018-10-01
15781,Claus Kvist Hansen,Dansk Folkeparti,1,2015-06-18,2018-10-01
15782,Britt Bager,Det Konservative Folkeparti,2,2021-03-24,2022-10-03
15782,Britt Bager,"Venstre, Danmarks Liberale Parti",1,2015-06-18,2021-03-23
15783,Josephine Fock,Alternativet,1,2015-06-18,2018-10-01
15784,Søren Pape Poulsen,Det Konservative Folkeparti,1,2022-11-01,2023-10-02
15785,Jakob Sølvhøj,Enhedslisten,1,2015-06-18,2022-10-03
15786,René Gade,Alternativet,1,2015-06-18,2018-10-01
15787,Kaare Dybvad Bek,Socialdemokratiet,1,2015-06-18,2025-10-06
15788,Jacob Mark,Socialistisk Folkeparti,1,2015-06-18,2022-10-03
15789,Jeppe Jakobsen,Dansk Folkeparti,1,2015-06-18,2018-10-01
15790,Marcus Knuth,Det Konservative Folkeparti,2,2019-11-29,2022-10-03
15790,Marcus Knuth,"Venstre, Danmarks Liberale Parti",1,2015-06-18,2019-11-28
15791,Eva Flyvholm,Enhedslisten,1,2015-06-18,2022-10-03
15792,Rasmus Nordqvist,Alternativet,1,2015-06-18,2020-03-09
15792,Rasmus Nordqvist,Socialistisk Folkeparti,3,2020-05-13,2022-10-03
15792,Rasmus Nordqvist,Uden for folketingsgrupperne - Rasmus Nordqvist,2,2020-03-10,2020-05-12
15793,Mette Abildgaard,Det Konservative Folkeparti,1,2015-06-18,2023-10-02
15794,Trine Torp,Socialistisk Folkeparti,1,2015-06-18,2022-10-03
15795,May-Britt Kattrup,Liberal Alliance,1,2015-06-18,2018-10-01
15796,Jan Erik Messmann,Dansk Folkeparti,1,2015-06-18,2018-10-01
15797,Christian Poll,Alternativet,1,2015-06-18,2018-10-01
15798,Dorthe Ullemose,Dansk Folkeparti,1,2015-06-18,2018-10-01
15799,Roger Courage Matthisen,Alternativet,1,2015-06-18,2018-10-01
15800,Henrik Dahl,Liberal Alliance,1,2022-11-01,2023-12-13
15881,Magni Arge,Tjóðveldi,1,2015-07-28,2018-10-01
16072,Carsten Kudsk,Dansk Folkeparti,1,2015-10-21,2019-10-29
16073,Rasmus Vestergaard Madsen,Enhedslisten,1,2015-10-26,2020-12-31
16074,Steen Holm Iversen,Liberal Alliance,1,2015-10-22,
16092,Sisse Marie Welling,Socialistisk Folkeparti,1,2015-10-26,
16176,Nikolaj Amstrup,Alternativet,1,2015-11-03,2017-10-02
16180,Kasper Roug,Socialdemokratiet,1,2022-11-01,2025-10-06
16351,Malte Larsen,Socialdemokratiet,1,2015-11-12,2022-10-31
16374,Anders Johansson,Det Konservative Folkeparti,1,2015-12-04,2018-10-01
16428,Emrah Tuncer,Radikale Venstre,1,2016-01-01,
16473,Malou Lunderød,Socialdemokratiet,1,2016-02-01,2018-10-01
16503,Anne Paulin,Socialdemokratiet,1,2022-11-01,2025-10-06
16582,Peder Hvelplund,Enhedslisten,1,2016-03-29,2022-10-03
16603,Sarah Glerup,Enhedslisten,1,2016-04-04,
16610,Lars Aslan Rasmussen,Socialdemokratiet,1,2016-04-04,2022-10-03
16728,Kirsten Normann Andersen,Socialistisk Folkeparti,1,2016-08-08,2023-10-02
16757,Danny K. Malkowski,Liberal Alliance,1,2016-10-01,2016-10-03
16952,Helle Osther,Enhedslisten,1,2016-10-26,
17134,Jonathan Simmel,Enhedslisten,1,2022-08-12,2022-10-03
17140,Orla Østerby,Det Konservative Folkeparti,1,2016-12-15,2020-12-03
17140,Orla Østerby,Uden for folketingsgrupperne - Orla Østerby,2,2020-12-04,2022-10-03
17141,Brigitte Klintskov Jerkel,Det Konservative Folkeparti,1,2016-12-15,2023-11-23
17247,Klaus Markussen,"Venstre, Danmarks Liberale Parti",1,2017-03-20,
17267,Kristian Hegaard,Radikale Venstre,1,2017-04-18,2020-10-05
17360,Merete Scheelsbeck,Det Konservative Folkeparti,1,2017-05-02,2024-01-08
17543,Marianne Bredal,"Venstre, Danmarks Liberale Parti",1,2017-10-03,
17628,Carl Valentin,Socialistisk Folkeparti,1,2017-10-25,2026-02-06
17629,Mads Fuglede,Danmarksdemokraterne – Inger Støjberg,2,2024-04-12,2025-10-06
17629,Mads Fuglede,"Venstre, Danmarks Liberale Parti",1,2022-11-01,2024-04-11
17736,Per Nørhave,Dansk Folkeparti,1,2017-12-01,
17752,Anders Stjernholm,Alternativet,1,2017-11-28,
17827,Tina Boel,Socialistisk Folkeparti,1,2018-02-19,
17963,Øjvind Vilsholm,Enhedslisten,1,2018-04-09,2018-10-01
17988,Bjarni Hammer,Javnaðarflokkurin,1,2018-05-07,
17990,Tommy Ahlers,"Venstre, Danmarks Liberale Parti",1,2019-06-05,2020-10-05
18265,Carsten Kissmeyer,"Venstre, Danmarks Liberale Parti",1,2018-10-02,2022-10-03
18278,Serdal Benli,Socialistisk Folkeparti,1,2018-09-30,2024-09-30
18291,Erik Lund,Det Konservative Folkeparti,1,2018-10-08,
18415,Julius Graakjær Grantzau,Alternativet,1,2018-11-01,
18545,Henrik Old,Javnaðarflokkurin,1,2019-01-15,
18614,Rigmor Dam,Javnaðarflokkurin,1,2019-02-28,
18688,Aki-Matilda Høegh-Dam,Naleraq,3,2025-02-11,2025-11-14
18688,Aki-Matilda Høegh-Dam,Siumut,1,2022-11-01,2025-02-07
18688,Aki-Matilda Høegh-Dam,Uden for folketingsgrupperne - Aki-Matilda Høegh-Dam,2,2025-02-08,2025-02-10
18691,Sikandar Siddique,Alternativet,1,2019-06-05,2020-03-09
18691,Sikandar Siddique,"Frie Grønne, Danmarks Nye Venstrefløjsparti",3,2021-11-03,2022-10-03
18691,Sikandar Siddique,Uden for folketingsgrupperne - Sikandar Siddique,2,2020-03-10,2021-11-02
18692,Susanne Zimmer,Alternativet,1,2019-06-05,2020-03-09
18692,Susanne Zimmer,"Frie Grønne, Danmarks Nye Venstrefløjsparti",3,2021-11-03,2022-10-03
18692,Susanne Zimmer,Uden for folketingsgrupperne - Susanne Zimmer,2,2020-03-10,2021-11-02
18693,Mai Villadsen,Enhedslisten,1,2019-06-05,2025-10-06
18694,Victoria Velasquez,Enhedslisten,1,2019-06-05,2023-04-20
18695,Kim Valentin,"Venstre, Danmarks Liberale Parti",1,2022-11-01,2025-10-06
18696,Morten Dahlin,"Venstre, Danmarks Liberale Parti",1,2019-06-05,2025-10-06
18697,Stén Knuth,"Venstre, Danmarks Liberale Parti",1,2019-06-05,2022-10-03
18698,Marlene Ambo-Rasmussen,"Venstre, Danmarks Liberale Parti",1,2019-06-05,2022-10-03
18699,Christoffer Aagaard Melson,"Venstre, Danmarks Liberale Parti",1,2022-11-01,2025-10-06
18700,Heidi Bank,"Venstre, Danmarks Liberale Parti",1,2019-06-05,2025-10-06
18701,Marie Bjerre,"Venstre, Danmarks Liberale Parti",1,2019-06-05,2025-10-06
18702,Anne Honoré Østergaard,"Venstre, Danmarks Liberale Parti",1,2019-06-05,2022-10-03
18703,Alex Vanopslagh,Liberal Alliance,1,2022-11-01,2025-10-06
18704,Halime Oguz,Socialistisk Folkeparti,1,2019-06-05,2025-10-06
18705,Ina Strøjer-Schmidt,Socialistisk Folkeparti,1,2019-06-05,2022-10-03
18706,Anne Valentina Berthelsen,Socialistisk Folkeparti,1,2022-11-01,2024-11-13
18707,Astrid Carøe,Socialistisk Folkeparti,1,2019-06-05,2025-10-06
18708,Charlotte Broman Mølbæk,Socialistisk Folkeparti,1,2019-06-05,2025-10-06
18709,Signe Munk,Socialistisk Folkeparti,1,2019-06-05,2025-10-06
18710,Katarina Ammitzbøll,Det Konservative Folkeparti,1,2019-06-05,2022-10-03
18711,Birgitte Bergman,Det Konservative Folkeparti,1,2019-06-05,2024-09-30
18712,Niels Flemming Hansen,Det Konservative Folkeparti,1,2022-11-01,2023-10-02
18713,Mona Juul,Det Konservative Folkeparti,1,2019-06-05,2025-10-06
18714,Kasper Sand Kjær,Socialdemokratiet,1,2022-11-01,2023-10-02
18715,Henrik Møller,Socialdemokratiet,1,2022-11-01,2025-10-06
18716,Rasmus Stoklund,Socialdemokratiet,1,2019-06-05,2025-10-06
18717,Bjørn Brandenborg,Socialdemokratiet,1,2019-06-05,2025-11-02
18718,Anders Kronborg,Socialdemokratiet,1,2019-06-05,2025-10-06
18719,Birgitte Vind,Socialdemokratiet,1,2019-06-05,2025-10-06
18720,Camilla Fabricius,Socialdemokratiet,1,2019-06-05,2025-10-06
18721,Mette Thiesen,Dansk Folkeparti,3,2023-02-07,2025-10-06
18721,Mette Thiesen,Nye Borgerlige,1,2019-06-05,2022-11-08
18721,Mette Thiesen,Uden for folketingsgrupperne - Mette Thiesen,2,2022-11-09,2023-02-06
18722,Peter Seier Christensen,Nye Borgerlige,1,2022-11-01,2024-01-10
18722,Peter Seier Christensen,Uden for folketingsgrupperne - Peter Seier Christensen,2,2024-01-11,2025-10-06
18723,Pernille Vermund,Liberal Alliance,3,2024-01-18,2025-10-06
18723,Pernille Vermund,Nye Borgerlige,1,2019-06-05,2024-01-10
18723,Pernille Vermund,Uden for folketingsgrupperne - Pernille Vermund,2,2024-01-11,2024-01-17
18724,Lars Boje Mathiesen,Borgernes Parti – Lars Boje Mathiesen,3,2025-01-17,2025-10-06
18724,Lars Boje Mathiesen,Nye Borgerlige,1,2019-06-05,2023-03-09
18724,Lars Boje Mathiesen,Uden for folketingsgrupperne - Lars Boje Mathiesen,2,2023-03-10,2025-01-16
18725,Samira Nawa,Radikale Venstre,1,2019-06-05,2025-10-06
18726,Stinus Lindgreen,Radikale Venstre,1,2019-06-05,2025-10-06
18727,Kathrine Olldag,Radikale Venstre,1,2019-06-05,2022-10-03
18728,Anne Sophie Callesen,Radikale Venstre,1,2019-06-05,2022-10-03
18729,Katrine Robsøe,Radikale Venstre,1,2019-06-05,2025-10-06
18736,Egil Hulgaard,Det Konservative Folkeparti,1,2019-08-05,2020-10-05
18830,Nils Sjøberg,Radikale Venstre,1,2019-09-02,2019-09-30
18882,Tanja Larsson,Socialdemokratiet,1,2019-10-01,2025-11-02
18917,Balder Mørk Andersen,Socialistisk Folkeparti,1,2019-10-30,
18953,Mira Issa Bloch,Alternativet,1,2019-10-22,
19000,Theresa Berg Andersen,Socialistisk Folkeparti,1,2020-01-01,2025-10-06
19002,Gitte Willumsen,Det Konservative Folkeparti,2,2021-12-21,2022-10-03
19002,Gitte Willumsen,"Venstre, Danmarks Liberale Parti",1,2020-01-01,2021-12-20
19016,Dorthe Hindborg,Socialdemokratiet,1,2020-01-06,
19133,Anders G. Christensen,"Venstre, Danmarks Liberale Parti",1,2020-03-10,
19142,Barbara Gaardlykke Apol,Javnaðarflokkurin,1,2020-03-17,2024-03-04
19146,Anna Brændemose,Socialistisk Folkeparti,1,2020-03-10,
19196,Ruben Kidde,Radikale Venstre,1,2020-04-16,2020-10-05
19221,Hanne Bjørn-Klausen,Det Konservative Folkeparti,1,2020-05-12,
19475,Susan Kronborg,Radikale Venstre,1,2020-11-10,2022-10-03
19480,Henrik Vinther,Radikale Venstre,1,2020-11-17,
19569,Maja Torp,"Venstre, Danmarks Liberale Parti",1,2021-03-01,2022-10-03
19637,Kenneth Mikkelsen,"Venstre, Danmarks Liberale Parti",1,2021-04-01,2022-10-03
19684,Mads Andersen,Det Konservative Folkeparti,1,2021-04-13,
19748,Stine Pilt Olsen,Det Konservative Folkeparti,1,2021-05-20,
19806,Alexander Grandt,Socialdemokratiet,1,2021-09-16,2022-01-01
19807,Anne Rasmussen,"Venstre, Danmarks Liberale Parti",1,2021-08-12,2022-10-03
19809,Christina Thorholm,Radikale Venstre,1,2021-08-31,2022-10-03
19919,Brian Bressendorff,Socialdemokratiet,1,2021-10-07,
19920,Karsten Filsø,Socialistisk Folkeparti,1,2021-10-07,2024-12-12
19928,Kim Aas,Socialdemokratiet,1,2022-11-01,2025-10-06
19948,Mark Grossmann,"Venstre, Danmarks Liberale Parti",1,2021-10-14,
19982,Jan Bjergskov Larsen,Socialistisk Folkeparti,1,2021-11-23,
19996,Helgi Abrahamsen,Sambandsflokkurin,1,2021-12-07,
20051,Theis Kylling Hommeltoft,Socialdemokratiet,1,2022-01-20,2024-01-21
20144,Maria Gudme,Socialdemokratiet,1,2022-05-10,2022-10-03
20349,Anna Falkenberg,Sambandsflokkurin,1,2022-11-01,2025-10-06
20350,Nick Zimmermann,Dansk Folkeparti,1,2022-11-01,2025-10-06
20351,Franciska Rosenkilde,Alternativet,1,2022-11-01,2025-10-06
20352,Helene Brydensholt,Alternativet,1,2022-11-01,2025-10-06
20353,Sascha Faxe,Alternativet,1,2022-11-01,2025-10-06
20354,Theresa Scavenius,Alternativet,1,2022-11-01,2023-09-17
20354,Theresa Scavenius,Uden for folketingsgrupperne - Theresa Scavenius,2,2023-09-18,2025-10-06
20355,Kim Edberg Andersen,Danmarksdemokraterne – Inger Støjberg,3,2024-03-19,2025-10-06
20355,Kim Edberg Andersen,Nye Borgerlige,1,2022-11-01,2024-01-15
20355,Kim Edberg Andersen,Uden for folketingsgrupperne - Kim Edberg Andersen,2,2024-01-16,2024-03-18
20356,Mikkel Bjørn,Dansk Folkeparti,2,2023-01-24,2025-10-06
20356,Mikkel Bjørn,Nye Borgerlige,1,2022-11-01,2023-01-23
20357,Lise Bertelsen,Det Konservative Folkeparti,1,2022-11-01,2025-10-06
20358,Marianne Bigum,Socialistisk Folkeparti,1,2022-11-01,2025-10-06
20359,Sigurd Agersnap,Socialistisk Folkeparti,1,2022-11-01,2025-10-06
20360,Sofie Lippert,Socialistisk Folkeparti,1,2022-11-01,2025-10-06
20361,Fie Hækkerup,Socialdemokratiet,1,2022-11-01,2025-02-26
20362,Thomas Monberg,Socialdemokratiet,1,2022-11-01,2025-10-06
20363,Sara Emil Baaring,Socialdemokratiet,1,2022-11-01,2025-10-06
20364,Frederik Vad,Socialdemokratiet,1,2022-11-01,2025-10-06
20365,Matilde Powers,Socialdemokratiet,1,2022-11-01,2025-10-06
20366,Thomas Skriver Jensen,Socialdemokratiet,1,2022-11-01,2025-10-06
20367,Kris Jensen Skriver,Socialdemokratiet,1,2022-11-01,2025-10-06
20368,Maria Durhuus,Socialdemokratiet,1,2022-11-01,2025-10-06
20369,Helle Bonnesen,Det Konservative Folkeparti,1,2022-11-01,2025-10-06
20370,Christina Olumeko,Alternativet,1,2022-11-01,2025-10-06
20371,Linea Søgaard-Lidell,"Venstre, Danmarks Liberale Parti",1,2022-11-01,2025-10-06
20372,Betina Kastbjerg,Danmarksdemokraterne – Inger Støjberg,1,2022-11-01,2025-10-06
20373,Susie Jessen,Danmarksdemokraterne – Inger Støjberg,1,2022-11-01,2025-10-06
20374,Kenneth Fredslund Petersen,Danmarksdemokraterne – Inger Støjberg,1,2022-11-01,2025-10-06
20375,Charlotte Munch,Danmarksdemokraterne – Inger Støjberg,1,2022-11-01,2025-10-06
20376,Kristian Bøgsted,Danmarksdemokraterne – Inger Støjberg,1,2022-11-01,2025-10-06
20377,Henrik Frandsen,Moderaterne,1,2022-11-01,2025-10-06
20378,Rosa Eriksen,Moderaterne,1,2022-11-01,2025-10-06
20379,Tobias Grotkjær Elmstrøm,Moderaterne,1,2022-11-01,2024-09-30
20380,Monika Rubin,Moderaterne,1,2022-11-01,2024-09-30
20381,Karin Liltorp,Alternativet,3,2025-03-04,2025-10-06
20381,Karin Liltorp,Moderaterne,1,2022-11-01,2025-02-23
20381,Karin Liltorp,Uden for folketingsgrupperne - Karin Liltorp,2,2025-02-24,2025-03-03
20382,Mette Kierkgaard,Moderaterne,1,2022-11-01,2025-10-06
20383,Jeppe Søe,Moderaterne,1,2022-11-01,2024-09-05
20383,Jeppe Søe,Uden for folketingsgrupperne - Jeppe Søe,2,2024-09-06,2025-10-06
20384,Nanna W. Gotfredsen,Moderaterne,1,2022-11-01,2025-10-06
20385,Charlotte Bagge Hansen,Moderaterne,1,2022-11-01,2025-10-06
20386,Rasmus Lund-Nielsen,Moderaterne,1,2022-11-01,2025-10-06
20387,Kristian Klarskov,Moderaterne,1,2022-11-01,
20388,Jon Stephensen,Moderaterne,1,2022-11-01,2023-08-23
20388,Jon Stephensen,Uden for folketingsgrupperne - Jon Stephensen,2,2023-08-24,2025-10-06
20389,Peter Have,Moderaterne,1,2022-11-01,2025-10-06
20390,Mike Villa Fonseca,Moderaterne,1,2022-11-01,2023-11-17
20390,Mike Villa Fonseca,Uden for folketingsgrupperne - Mike Villa Fonseca,2,2023-11-18,2025-10-06
20391,Sólbjørg Jakobsen,Liberal Alliance,1,2022-11-01,2025-10-06
20392,Lars-Christian Brask,Liberal Alliance,1,2022-11-01,2025-10-06
20393,Katrine Daugaard,Liberal Alliance,1,2022-11-01,2025-10-06
20394,Steffen W. Frølund,Liberal Alliance,1,2022-11-01,2025-10-06
20395,Alexander Ryle,Liberal Alliance,1,2022-11-01,2025-10-06
20396,Jens Meilvang,Liberal Alliance,1,2022-11-01,2025-10-06
20397,Steffen Larsen,Liberal Alliance,1,2022-11-01,2025-10-06
20398,Helena Artmann Andresen,Liberal Alliance,1,2022-11-01,2025-10-06
20399,Louise Brown,Liberal Alliance,1,2022-11-01,2025-10-06
20400,Sandra Elisabeth Skalvig,Liberal Alliance,1,2022-11-01,2025-10-06
20411,Leila Stockmarr,Enhedslisten,1,2022-11-22,2025-10-06
20415,Mohammad Rona,Moderaterne,1,2022-11-24,2025-10-06
20496,Henrik Rejnholt Andersen,Moderaterne,1,2023-01-19,2025-10-06
20527,Nanna Høyrup,Alternativet,1,2023-05-01,
20539,Noah Sturis,Alternativet,1,2023-03-28,
20559,Reza Javid,Enhedslisten,1,2023-03-28,
20580,Lean Milo,Moderaterne,1,2023-04-27,2023-08-17
20580,Lean Milo,Uden for folketingsgrupperne - Jon Stephensen,2,2023-08-18,
20599,Søren Rasmussen,Dansk Folkeparti,1,2023-08-10,2023-10-02
20629,Nikoline Erbs Hillers-Bendtsen,Alternativet,1,2023-09-07,2024-12-17
20635,Markus E. Olsen,Siumut,1,2023-09-22,2023-10-02
20642,Anne Hegelund,Enhedslisten,1,2023-09-07,2023-10-02
20747,Jenny Andresen,Danmarksdemokraterne – Inger Støjberg,1,2023-11-01,
20767,Andreas Karlsen,Det Konservative Folkeparti,1,2023-11-01,
20779,Runa Friis Hansen,Enhedslisten,1,2023-11-07,
20781,Gunvor Wibroe,Socialdemokratiet,1,2023-11-02,2025-10-06
20790,Ken Kristensen,"Venstre, Danmarks Liberale Parti",1,2023-11-20,2025-05-25
20798,Mads Olsen,Socialistisk Folkeparti,1,2023-11-30,2025-10-06
20805,Jan Carlsen,Moderaterne,1,2023-11-23,
20820,Carl Andersen,Liberal Alliance,1,2023-12-07,2025-10-06
20823,Morten Vehl,Danmarksdemokraterne – Inger Støjberg,1,2023-12-12,
20841,Lars Arne Christensen,Moderaterne,1,2024-02-01,
20916,Kenneth Bjerg Andersen,Moderaterne,1,2024-02-20,
20917,Tina Cartey Hansen,Det Konservative Folkeparti,1,2024-02-20,2025-10-06
20925,Dina Raabjerg,Det Konservative Folkeparti,1,2024-03-03,2025-10-06
20930,Louise Mehnke,Socialdemokratiet,1,2024-03-19,2025-10-06
20941,Preben Friis-Hauge,"Venstre, Danmarks Liberale Parti",1,2024-04-04,
20962,Claus Jørgensen,Socialistisk Folkeparti,1,2024-05-28,2025-10-06
20966,Frederik Bloch Münster,Det Konservative Folkeparti,1,2024-06-26,2025-10-06
21044,Lasse Haugaard Pedersen,Socialdemokratiet,1,2024-10-10,2025-10-06
21075,Michael Rosenmark,Danmarksdemokraterne – Inger Støjberg,1,2024-10-30,
21076,Charlotte Nellemann,Liberal Alliance,1,2024-10-30,
21083,Thorkild Holmboe-Hay,Socialdemokratiet,1,2024-11-04,2025-10-06
21143,Morten Klessen,Socialdemokratiet,1,2025-02-28,2025-10-06
21159,Ammar Ali,Moderaterne,1,2025-04-22,2025-10-06
21161,Lisa Perkins,Liberal Alliance,1,2025-04-24,
21168,Erik Veje Rasmussen,"Venstre, Danmarks Liberale Parti",1,2025-07-01,2025-10-06
21186,Mads Madsen Henriksen,Socialdemokratiet,1,2025-09-04,2025-10-06
21194,Joachim Hoffmann-Petersen,Det Konservative Folkeparti,1,2025-09-09,2025-10-06
21206,Elvira Kûitse,Naleraq,1,2025-09-19,2025-10-06
