aktørid,politician,party
1886,Jacob Buksti,Socialdemokratiet
1039,Lotte Bundsgaard,Socialdemokratiet
220,Morten Bødskov,Socialdemokratiet
183,Bent Bøgsted,Danmarksdemokraterne
198,Anne Baastrup,Socialistisk Folkeparti
648,Carina Christensen,Det Konservative Folkeparti
94,Peter Christensen,Venstre
664,Pia Christmas-Møller,Uden for folketingsgrupperne
77,Kristian Thulesen Dahl,Uden for folketingsgrupperne
1885,Inge Dahl-Sørensen,Venstre
1821,Sven Buhrkall,Venstre
1398,Peter Brixtofte,Uden for folketingsgrupperne
1755,Colette L. Brix,Dansk Folkeparti
1470,Sandy Brinck,Socialdemokratiet
49,Erling Bonnesen,Venstre
1417,Pia Boisen,Enhedslisten
1455,René Skau Björnsson,Socialdemokratiet
1463,Ritt Bjerregaard,Socialdemokratiet
1751,Inger Bierbaum,Socialdemokratiet
1495,Bendt Bendtsen,Det Konservative Folkeparti
1727,Jette Bergenholz Bautrup,Socialdemokratiet
149,Lars Barfoed,Det Konservative Folkeparti
856,Line Barfod,Enhedslisten
1778,Svend Auken,Socialdemokratiet
1881,Elisabeth Arnold,Radikale Venstre
647,Charlotte Antonsen (udpeget af V),Venstre
351,Sophie Hæstorp Andersen,Socialdemokratiet
258,Poul Andersen,Socialdemokratiet
126,Kim Andersen (udpeget af V),Venstre
8319,Jytte Andersen,Not able to assign
164,Hans Andersen,Venstre
1779,Else Winther Andersen,Venstre
1793,Keld Albrechtsen,Enhedslisten
1891,Thomas Adelskov,Socialdemokratiet
1371,Per Dalgaard,Dansk Folkeparti
364,Birthe Rønn Hornbech,Venstre
660,Svend Erik Hovmand,Venstre
1833,Høgni Hoydal,Tjóðveldi
1461,Rikke Hvilshøj,Venstre
678,Klaus Hækkerup (udpeget af S),Socialdemokratiet
1759,Kaj Ikast,Det Konservative Folkeparti
55,Marianne Jelved,Radikale Venstre
1773,Carsten Bo Jensen,Socialdemokratiet
669,Frank Jensen,Socialdemokratiet
1914,Jakob Jensen,Socialdemokratiet
271,Kristian Jensen,Venstre
652,Lene Jensen,Socialdemokratiet
1850,Christian Lund Jepsen,Det Konservative Folkeparti
1815,Jette Jespersen,Dansk Folkeparti
1752,Jørn Jespersen,Socialistisk Folkeparti
365,Karen Jespersen,Venstre
670,Lars Emil Johansen,Siumut
210,Birgitte Josefsen,Venstre
1912,Ida Jørgensen,Radikale Venstre
1447,Poul Qvist Jørgensen,Socialdemokratiet
668,Naser Khader,Uden for folketingsgrupperne
1844,Jens Kirk,Venstre
1823,Knud Erik Kirkegaard,Det Konservative Folkeparti
1882,Henriette Kjær,Det Konservative Folkeparti
252,Pia Kjærsgaard,Dansk Folkeparti
672,Kuupik Kleist,Inuit Ataqatigiit
280,Karen J. Klint (udpeget af S),Socialdemokratiet
1777,Anita Knakkergaard,Dansk Folkeparti
235,Jeppe Kofod,Socialdemokratiet
1739,Thor Gunnar Kofoed,Venstre
1557,Bodil Kornbek,Kristeligt Folkeparti
1745,Ulrik Kragh,Venstre
1790,Freddy Dam (udpeget af V),Venstre
216,Mikkel Dencker,Dansk Folkeparti
211,Jørn Dohrmann,Dansk Folkeparti
108,Charlotte Dyremose,Det Konservative Folkeparti
1805,Inge-Lene Ebdrup,Ny Alliance
131,Lene Espersen,Det Konservative Folkeparti
1746,Tove Fergo,Venstre
1623,Aage Frandsen,Not able to assign
138,Mette Frederiksen,Socialdemokratiet
1047,Louise Frevert,Uden for folketingsgrupperne
1845,Søren Gade,Venstre
794,Lene Garsdal,Socialistisk Folkeparti
1911,Henning Gjellerod,Socialdemokratiet
1256,Pia Gjellerup (udpeget af S),Socialdemokratiet
5593,Carsten Hansen,Not able to assign
663,Christian H. Hansen,Uden for folketingsgrupperne
265,Eva Kjer Hansen,Venstre
1731,Flemming Hansen,Det Konservative Folkeparti
1393,Pernille Blach Hansen,Socialdemokratiet
7633,Torben Hansen,Not able to assign
1444,Poul Henrik Hedeboe,Socialistisk Folkeparti
1718,Svend Heiselberg,Venstre
1883,Anne Grete Holmsgaard (udpeget af SF),Socialistisk Folkeparti
1234,Morten Homann,Socialistisk Folkeparti
1067,Lykke Roed,Dansk Folkeparti
676,Søren Krarup,Dansk Folkeparti
1431,Pia Kristensen,Dansk Folkeparti
679,Per Kaalund,Socialdemokratiet
677,Jesper Langballe,Dansk Folkeparti
1811,Erik Larsen (udpeget af V),Venstre
1818,Ester Larsen,Venstre
64,Flemming Damgaard Larsen,Venstre
28,Henrik Sass Larsen,Socialdemokratiet
1817,Jens Christian Larsen,Venstre
657,Pia Larsen,Venstre
386,Claus Larsen-Jensen (udpeget af),Socialdemokratiet
1771,Uno Larsson,Dansk Folkeparti
1814,Gudrun Laub,Venstre
257,Bjarne Laustsen,Socialdemokratiet
141,Martin Lidegaard,Radikale Venstre
217,Lars Christian Lilleholt,Venstre
384,Mogens Lykketoft,Socialdemokratiet
1831,Freddie H. Madsen,Dansk Folkeparti
646,Jens Hald,Venstre
1636,Aase D. Madsen (udpeget af DF),Dansk Folkeparti
951,Lissa Mathiasen,Socialdemokratiet
645,Christian Mejdahl,Venstre
1880,Anne-Marie Meldgaard,Socialdemokratiet
83,Brian Mikkelsen,Det Konservative Folkeparti
1879,Lars Kramer Mikkelsen,Socialdemokratiet
245,Leif Mikkelsen,Liberal Alliance
1760,Helga Moos,Venstre
1770,Erik Mortensen,Socialdemokratiet
1830,Helge Mortensen,Socialdemokratiet
1824,Anders Møller,Uden for folketingsgrupperne
1951,Flemming Møller (udpeget af V),Venstre
665,Helge Adam Møller,Det Konservative Folkeparti
1023,Lone Møller (udpeget af S),Socialdemokratiet
153,Per Stig Møller,Det Konservative Folkeparti
279,Tina Nedergaard,Venstre
1730,Elsebeth Gerner Nielsen,Radikale Venstre
33,Holger K. Nielsen,Socialistisk Folkeparti
662,Poul Nødgaard,Dansk Folkeparti
1753,Flemming Oppfeldt,Uden for folketingsgrupperne
666,Jørn Pedersen,Socialdemokratiet
1115,Marianne Pedersen,Venstre
1124,Marion Pedersen,Venstre
1219,Mogens Nørgård,Kristendemokraterne
1829,Thor Pedersen,Venstre
1804,Jan Petersen (udpeget af S),Socialdemokratiet
918,Lisbeth Petersen,Sambandsflokkurin
680,Morten Helveg Petersen,Radikale Venstre
671,Niels Helveg Petersen,Radikale Venstre
206,Troels Lund Poulsen,Venstre
1744,Kamal Qureshi,Socialistisk Folkeparti
234,Anders Fogh Rasmussen,Venstre
145,Lars Løkke Rasmussen,Moderaterne
661,Jens Rohde,Uden for folketingsgrupperne
172,Pernille Rosenkrantz-Theil,Socialdemokratiet
725,Preben Rudiengaard,Venstre
1353,Peder Sass,Socialdemokratiet
125,Hans Christian Schmidt,Venstre
1768,Grete Schødts,Socialdemokratiet
675,Hanne Severinsen,Venstre
1757,Irene Simonsen,Venstre
1280,Niels Sindal,Socialdemokratiet
1299,Helle Sjelle,Det Konservative Folkeparti
1556,Jann Sjursen,Kristeligt Folkeparti
1769,Birthe Skaarup (udpeget af DF),Dansk Folkeparti
48,Peter Skaarup,Danmarksdemokraterne
226,Ole Sohn,Socialdemokratiet
1319,Ole Stavad (udpeget af S),Socialdemokratiet
182,Inger Støjberg,Danmarksdemokraterne
1761,Else Theill Sørensen,Det Konservative Folkeparti
3042,"Frode Sørensen, Hjørring",Not able to assign
1740,Karina Sørensen,Dansk Folkeparti
348,Villy Søvndal,Socialistisk Folkeparti
1767,Arne Toft,Socialdemokratiet
1094,Margot Torp,Socialdemokratiet
379,Kristen Touborg,Socialistisk Folkeparti
1250,Jan Trøjborg,Socialdemokratiet
296,Ulla Tørnæs,Venstre
1822,Jens Peter Vernersen,Socialdemokratiet
212,Eyvind Vesselbo,Venstre
106,Margrethe Vestager,Radikale Venstre
1791,Henrik Vestergaard,Venstre
1749,Jens Vibjerg (udpeget af V),Venstre
1558,Tove Videbæk,Kristeligt Folkeparti
12,Nicolai Wammen,Socialdemokratiet
1916,Christian Wedell-Neergaard,Det Konservative Folkeparti
1774,Jørgen Winther,Venstre
1747,Jytte Wittrock,Socialdemokratiet
1325,Ole Vagn Christensen,Socialdemokratiet
1433,Poul Fischer,Dansk Folkeparti
350,Gitte Lillelund Bech,Venstre
920,Lise Hækkerup,Socialdemokratiet
1792,Svend Aage Jensby,Venstre
193,Karsten Nonbo,Venstre
176,Søren Søndergaard,Enhedslisten
1947,Søren Hansen,Socialdemokratiet
656,Jesper Kiel,Enhedslisten
1948,Birgitte Møller,Radikale Venstre
117,Simon Emil Ammitzbøll-Bille,Uden for folketingsgrupperne
17,Christine Antorini,Socialdemokratiet
650,Hüseyin Arac,Socialdemokratiet
215,Jørgen Arbo-Bæhr,Enhedslisten
195,Pernille Vigsø Bagge,Socialistisk Folkeparti
71,Tom Behnke,Det Konservative Folkeparti
4428,Jens Borking,Enhedslisten
249,Kirsten Brosbøl (udpeget af S),Socialdemokratiet
1440,Poul Erik Christensen,Radikale Venstre
3084,Troels Christensen (udpeget af V),Venstre
259,Anne-Mette Winther Christiansen (udpeget af V),Venstre
124,Kim Christiansen,Dansk Folkeparti
1618,Walter Christophersen,Dansk Folkeparti
171,Per Clausen,Enhedslisten
3088,Bente Dahl,Radikale Venstre
654,Lone Dybkjær,Radikale Venstre
3089,Joan Erlandsen,Venstre
34,Søren Espersen,Danmarksdemokraterne
1172,Mia Falkenberg,Dansk Folkeparti
3083,Charlotte Fischer,Radikale Venstre
270,Claus Hjort Frederiksen,Venstre
95,Steen Gade,Socialistisk Folkeparti
197,Mette Gjerskov,Socialdemokratiet
1311,Ole Glahn,Radikale Venstre
3092,Vibeke Grave,Socialdemokratiet
801,Lene Hansen,Socialdemokratiet
1887,Connie Hedegaard,Det Konservative Folkeparti
70,Martin Henriksen (udpeget af DF),Dansk Folkeparti
244,Magnus Heunicke,Socialdemokratiet
2103,Britta Schall Holberg,Venstre
47,Karen Hækkerup (udpeget af S),Socialdemokratiet
129,Bertel Haarder,Venstre
173,Jacob Jensen,Venstre
178,Michael Aastrup Jensen,Venstre
5905,"Mogens Jensen, Brøndby",Not able to assign
1378,Per Ørum Jørgensen,Kristendemokraterne
3093,Anfinn Kallsberg,Folkaflokkurin
3081,Kurt Kirkegaard,Venstre
194,Kristian Pihl Lorentzen,Venstre
651,Jens Christian Lund,Socialdemokratiet
238,Morten Messerschmidt,Dansk Folkeparti
3085,Kim Mortensen,Socialdemokratiet
1249,Allan Niebuhr,Det Konservative Folkeparti
3992,Bjørn Medom Nielsen,Socialdemokratiet
649,Jakob Axel Nielsen,Det Konservative Folkeparti
4433,Jens Jørgen Nygaard,Det Konservative Folkeparti
56,Karin Nødgaard,Dansk Folkeparti
163,Ellen Trane Nørby,Venstre
133,John Dyrby Paulsen,Socialdemokratiet
80,Torsten Schack Pedersen,Venstre
3090,Tina Petersen,Dansk Folkeparti
132,Søren Pind,Venstre
3086,Johs. Poulsen,Radikale Venstre
264,Rasmus Prehn,Socialdemokratiet
84,Troels Ravn,Socialdemokratiet
4434,Abbas Razvi,Radikale Venstre
1357,Helge Sander,Venstre
653,Lise von Seelen,Socialdemokratiet
82,Hans Kristian Skibby,Danmarksdemokraterne
144,Helle Thorning-Schmidt,Socialdemokratiet
116,Morten Østergaard,Radikale Venstre
5,Frank Aaen,Enhedslisten
3087,Elisabeth Geday,Radikale Venstre
655,Rune Lund,Enhedslisten
1044,Lotte Thiim Bertelsen,Socialistisk Folkeparti
5468,Dorrit Knudsen,Socialdemokratiet
43,Pia Olsen Dyhr,Socialistisk Folkeparti
1478,Simon Pihl Sørensen,Socialdemokratiet
1116,Marianne Saxtoft,Radikale Venstre
1385,Pernille Frahm (udpeget af SF),Socialistisk Folkeparti
3082,Henrik Brodersen,Dansk Folkeparti
1471,Sanne Schroll,Socialistisk Folkeparti
1484,Sofia Rossen,Inuit Ataqatigiit
1121,Marie Fugl,Socialistisk Folkeparti
1085,Majbrit Berlau,Enhedslisten
3997,Tina Bostrup,Radikale Venstre
1473,Sidsel Homann,Socialistisk Folkeparti
667,Søren Egge Rasmussen,Enhedslisten
3994,Jesper Kinch-Jensen,Socialdemokratiet
3998,Thomas Krog,Socialistisk Folkeparti
1183,Michael Thomsen,Socialistisk Folkeparti
1474,Sidsel Leth Svensson,Det Konservative Folkeparti
119,Dennis Flydtkjær,Danmarksdemokraterne
3996,Henrik Fruergaard,Venstre
134,Christian Friis Bach,Venstre
3995,Egil Møller,Dansk Folkeparti
3993,Grethe H. Nielsen,Socialdemokratiet
158,Eigil Andersen,Socialistisk Folkeparti
85,Özlem Sara Cekic,Socialistisk Folkeparti
303,Anita Christensen,Dansk Folkeparti
98,René Christensen,Dansk Folkeparti
184,Lennart Damsbo-Andersen,Socialdemokratiet
121,Karina Lorentzen Dehnhardt,Socialistisk Folkeparti
120,Benny Engelbrecht,Socialdemokratiet
1146,Marlene Harpsøe,Danmarksdemokraterne
273,Per Husted,Socialdemokratiet
272,Ole Hækkerup,Socialdemokratiet
1454,Rasmus Jarlov,Det Konservative Folkeparti
260,Leif Lahn Jensen,Socialdemokratiet
201,Thomas Jensen,Socialdemokratiet
1502,Karl H. Bornhøft,Socialistisk Folkeparti
1362,Per Bisgaard,Venstre
1619,Yildiz Akdogan,Socialdemokratiet
4965,Hanne Agersnap (udpeget af SF),Socialistisk Folkeparti
362,Vivi Kier,Det Konservative Folkeparti
38,Astrid Krag,Socialdemokratiet
24,Karsten Lauritzen,Venstre
4957,Tage Leegaard,Det Konservative Folkeparti
4515,Jørgen S. Lundsgaard,Det Konservative Folkeparti
130,Sophie Løhde,Venstre
1410,Peter Madsen,Venstre
224,Flemming Møller Mortensen,Socialdemokratiet
297,Maja Panduro (udpeget af S),Socialdemokratiet
4956,Ib Poulsen,Dansk Folkeparti
1358,Julie Rademacher,Socialdemokratiet
81,Mads Rørvig,Venstre
187,Julie Skovsby,Socialdemokratiet
179,Hans Christian Thoning,Venstre
1090,Malou Aamund,Venstre
223,Henrik Høegh,Venstre
10691,Kurt Scheelsbeck,Det Konservative Folkeparti
1413,Peter Westermann,Socialistisk Folkeparti
1162,Meta Fuglsang,Socialistisk Folkeparti
221,Pia Adelsteen,Dansk Folkeparti
5182,Anne Marie Geisler Andersen,Radikale Venstre
152,Ida Auken,Socialdemokratiet
50,Liselott Blixt,Uden for folketingsgrupperne
155,Villum Christensen,Liberal Alliance
205,Jonas Dahl,Socialistisk Folkeparti
92,Carsten Hansen,Socialdemokratiet
288,Torben Hansen (udpeget af S),Socialdemokratiet
246,Orla Hav,Socialdemokratiet
6689,Juliane Henningsen Heilmann,Inuit Ataqatigiit
67,Nick Hækkerup,Socialdemokratiet
199,Karsten Hønge,Socialistisk Folkeparti
154,Mogens Jensen,Socialdemokratiet
180,Peter Juel-Jensen,Venstre
247,Edmund Joensen,Sambandsflokkurin
352,Henrik Dam Kristensen,Socialdemokratiet
96,Mike Legarth,Det Konservative Folkeparti
97,Jesper Petersen,Socialdemokratiet
4969,Jørgen Poulsen,Radikale Venstre
148,Anders Samuelsen,Liberal Alliance
147,Johanne Schmidt-Nielsen,Enhedslisten
72,Karen Ellemann,Venstre
10707,Erikanell Asmuss Lorentsen,Radikale Venstre
1087,Malene Søgaard-Andersen,Socialistisk Folkeparti
11586,Bilal Inekci,Socialistisk Folkeparti
11412,Anna Kirsten Olesen,Socialdemokratiet
11585,Jens Arne Hedegaard,Venstre
11584,Daniel Rugholm,Det Konservative Folkeparti
93,Louise Elholm,Venstre
109,Trine Pertou Mach,Enhedslisten
231,Manu Sareen,Radikale Venstre
1258,Nanna Westerby,Socialistisk Folkeparti
11583,Kenneth Kristensen Berth,Dansk Folkeparti
185,Nadeem Farooq,Radikale Venstre
1269,Niels Høiby,Liberal Alliance
5132,Flemming Bonne,Socialistisk Folkeparti
294,Doris Jakobsen,Siumut
4968,Knud Kristensen,Det Konservative Folkeparti
10702,Helle Dam,Socialdemokratiet
10705,Bente Kronborg Holst,Dansk Folkeparti
8917,Thomas Horn,Socialdemokratiet
1375,Per Løkken,Det Konservative Folkeparti
4971,Jane Alrø Sørensen,Socialistisk Folkeparti
6688,Henrik Rasmussen,Det Konservative Folkeparti
10690,Steen Konradsen,Det Konservative Folkeparti
188,Sanne Rubinke,Socialistisk Folkeparti
10706,Jette Plesner Dali,Dansk Folkeparti
1414,Peter Christian Christensen,Socialdemokratiet
10704,Kasper Krüger,Venstre
6685,Anders Broholm,Venstre
6701,Kenneth F. Christensen,Socialdemokratiet
371,Niels Christian Nielsen,Socialdemokratiet
8910,Karin Storgaard,Dansk Folkeparti
62,Annette Vilhelmsen,Socialistisk Folkeparti
6684,Annita á Fríðriksmørk,Tjóðveldisflokkurin
6687,Kaj Leo Johannesen,Sambandsflokkurin
2156,Gitte Seeberg,Uden for folketingsgrupperne
262,Sjúrður Skaale,Javnaðarflokkurin
6686,Torben Lund,Socialistisk Folkeparti
1392,Pernille Søndergaard,Enhedslisten
1201,Mogens Camre,Dansk Folkeparti
162,Karina Adsbøl,Danmarksdemokraterne
18,Alex Ahrendtsen,Dansk Folkeparti
161,Liv Holm Andersen,Radikale Venstre
135,Mette Bock,Liberal Alliance
118,Trine Bramsen,Socialdemokratiet
122,Stine Brix,Enhedslisten
113,Jens Henrik Thulesen Dahl,Danmarksdemokraterne
139,Thomas Danielsen,Venstre
263,Mette Hjermind Dencker,Dansk Folkeparti
225,Uffe Elbæk,Alternativet
278,Karin Gaardsted,Socialdemokratiet
286,Ane Halsboe-Jørgensen,Socialdemokratiet
200,Jane Heitmann,Venstre
189,Mai Mercado,Det Konservative Folkeparti
127,Preben Bang Henriksen,Venstre
209,Camilla Hersom,Radikale Venstre
213,Jens Joel,Socialdemokratiet
160,Jan Johansen,Socialdemokratiet
102,Jan E. Jørgensen,Venstre
101,Morten Marinus,Dansk Folkeparti
79,Christian Langballe (udpeget af DF),Dansk Folkeparti
266,Rasmus Horn Langhoff,Socialdemokratiet
261,Esben Lunde Larsen,Venstre
181,Annette Lind,Socialdemokratiet
156,Lone Loklindt,Radikale Venstre
86,Marlene Borst Hansen,Radikale Venstre
168,Anni Matthiesen,Venstre
75,Jeppe Mikkelsen,Radikale Venstre
99,Ole Birk Olesen,Liberal Alliance
111,Joachim B. Olsen,Liberal Alliance
219,Lisbeth Bech-Nielsen,Socialistisk Folkeparti
112,Lotte Rod,Radikale Venstre
69,Pernille Skipper,Enhedslisten
191,Zenia Stampe,Radikale Venstre
87,Finn Sørensen,Enhedslisten
68,Nikolaj Villumsen,Enhedslisten
192,Fatma Øktem,Venstre
304,Jacob Lund,Socialdemokratiet
281,Finn Thranum,Venstre
214,Jeppe Bruus,Socialdemokratiet
305,Jens Ejner Christensen,Venstre
268,Helle Løvgreen Mølvig,Radikale Venstre
23,Bjarne Corydon,Socialdemokratiet
159,Lars Dohn,Enhedslisten
44,Henning Hyllested,Enhedslisten
39,Christian Juhl,Enhedslisten
110,Rosa Lund,Enhedslisten
190,Thyra Frank,Liberal Alliance
73,Merete Riisager,Liberal Alliance
59,Rasmus Helveg Petersen,Radikale Venstre
123,Andreas Steenberg,Radikale Venstre
207,Jakob Ellemann-Jensen,Venstre
78,Marie Krarup,Uden for folketingsgrupperne
208,Simon Kollerup,Socialdemokratiet
74,Mette Reissmann,Socialdemokratiet
100,Sofie Carsten Nielsen,Radikale Venstre
88,Martin Geertsen,Venstre
13,Sara Olsvig,Inuit Ataqatigiit
103,Anne Sina,Socialdemokratiet
57,Jakob Engel-Schmidt,Moderaterne
302,Benedikte Kiær,Det Konservative Folkeparti
353,Lykke Friis,Venstre
363,Jacob Bjerregaard,Socialdemokratiet
1503,Hans Vestager,Radikale Venstre
1513,Kisser Franciska Lehnert,Liberal Alliance
378,Merete Dea Larsen,Dansk Folkeparti
366,Daniel Toft Jakobsen,Socialdemokratiet
344,Linda Kristiansen,Radikale Venstre
202,Peder Christensen,Socialdemokratiet
282,Sanne Bjørn,Radikale Venstre
277,Johan Lund Olsen,Inuit Ataqatigiit
376,Annika Smith,Socialistisk Folkeparti
354,Mette Boye,Socialistisk Folkeparti
370,Thomas Medom,Socialistisk Folkeparti
367,Karen Touborg,Socialistisk Folkeparti
343,Mie Bergmann,Radikale Venstre
276,Pernille Boye Koch,Radikale Venstre
12284,Marie-Louise Andreassen,Radikale Venstre
12285,Ida Damborg,Socialistisk Folkeparti
12283,Aksel V. Johannesen,Javnaðarflokkurin
1334,Peter Laigaard,Liberal Alliance
13727,Sarah Nørris,Enhedslisten
13836,Helge Vagn Jacobsen,Radikale Venstre
13843,Bente Bendix,Venstre
14000,Nick Nielsen,Siumut
10107,Bruno Jerup,Enhedslisten
14372,Susanne Eilersen (udpeget af DF),Dansk Folkeparti
1504,Laura Lindahl,Liberal Alliance
167,Dan Jørgensen,Socialdemokratiet
15793,Mette Abildgaard,Det Konservative Folkeparti
15779,Carsten Bach,Liberal Alliance
15782,Britt Bager,Det Konservative Folkeparti
15774,Lise Bech,Danmarksdemokraterne
15767,Pernille Bendixen,Dansk Folkeparti
15780,Tilde Bork,Dansk Folkeparti
15764,Jan Rytkjær Callesen,Dansk Folkeparti
15766,Erik Christensen (udpeget af S),Socialdemokratiet
15800,Henrik Dahl,Liberal Alliance
15777,Pelle Dragsted,Enhedslisten
15761,Karina Due,Dansk Folkeparti
15787,Kaare Dybvad Bek,Socialdemokratiet
15773,Christina Egelund,Moderaterne
15791,Eva Flyvholm,Enhedslisten
15783,Josephine Fock,Alternativet
15786,René Gade,Alternativet
15775,Torsten Gejl,Alternativet
15769,Maria Reumert Gjerding,Enhedslisten
15781,Claus Kvist Hansen,Dansk Folkeparti
15789,Jeppe Jakobsen,Dansk Folkeparti
15795,May-Britt Kattrup,Liberal Alliance
15790,Marcus Knuth,Det Konservative Folkeparti
15757,Aaja Chemnitz,Inuit Ataqatigiit
15771,Morten Løkkegaard,Venstre
15762,Christian Rabjerg Madsen,Socialdemokratiet
15778,Carolina Magdalene Maier,Alternativet
15788,Jacob Mark,Socialistisk Folkeparti
15799,Roger Courage Matthisen,Alternativet
15796,Jan Erik Messmann,Dansk Folkeparti
15792,Rasmus Nordqvist,Socialistisk Folkeparti
15784,Søren Pape Poulsen,Det Konservative Folkeparti
15797,Christian Poll,Alternativet
15763,Peter Kofod,Dansk Folkeparti
15772,Ulla Sandbæk,Alternativet
15768,Pernille Schnoor,Alternativet
15785,Jakob Sølvhøj,Enhedslisten
15770,Mattias Tesfaye,Socialdemokratiet
15776,Peter Hummelgaard,Socialdemokratiet
15794,Trine Torp,Socialistisk Folkeparti
15798,Dorthe Ullemose,Dansk Folkeparti
15760,Lea Wermelin,Socialdemokratiet
15765,Carl Holst,Venstre
15758,Aleqa Hammond,Nunatta Qitornai
15881,Magni Arge,Tjóðveldi
16072,Carsten Kudsk,Dansk Folkeparti
16074,Steen Holm Iversen,Liberal Alliance
16073,Rasmus Vestergaard Madsen,Enhedslisten
16092,Sisse Marie Welling,Socialistisk Folkeparti
16176,Nikolaj Amstrup,Alternativet
16180,Kasper Roug,Socialdemokratiet
16351,Malte Larsen,Socialdemokratiet
16374,Anders Johansson,Det Konservative Folkeparti
16428,Emrah Tuncer,Radikale Venstre
16473,Malou Lunderød,Socialdemokratiet
16503,Anne Paulin,Socialdemokratiet
16582,Peder Hvelplund,Enhedslisten
16603,Sarah Glerup,Enhedslisten
16610,Lars Aslan Rasmussen,Socialdemokratiet
6737,Johannes Lebech,Radikale Venstre
16728,Kirsten Normann Andersen,Socialistisk Folkeparti
16757,Danny K. Malkowski,Liberal Alliance
9780,Tórbjørn Jacobsen,Tjóðveldi
16952,Helle Osther,Enhedslisten
17141,Brigitte Klintskov Jerkel,Det Konservative Folkeparti
17140,Orla Østerby,Uden for folketingsgrupperne
17247,Klaus Markussen,Venstre
17267,Kristian Hegaard,Radikale Venstre
17360,Merete Scheelsbeck,Det Konservative Folkeparti
17543,Marianne Bredal,Venstre
17629,Mads Fuglede,Danmarksdemokraterne
17628,Carl Valentin,Socialistisk Folkeparti
17752,Anders Stjernholm,Alternativet
17736,Per Nørhave,Dansk Folkeparti
17827,Tina Boel,Socialistisk Folkeparti
17963,Øjvind Vilsholm,Enhedslisten
9976,Jette Gottlieb,Enhedslisten
17988,Bjarni Hammer,Javnaðarflokkurin
18278,Serdal Benli,Socialistisk Folkeparti
18265,Carsten Kissmeyer,Venstre
18291,Erik Lund,Det Konservative Folkeparti
18415,Julius Graakjær Grantzau,Alternativet
18545,Henrik Old,Javnaðarflokkurin
18614,Rigmor Dam,Javnaðarflokkurin
17990,Tommy Ahlers,Venstre
18698,Marlene Ambo-Rasmussen,Venstre
18700,Heidi Bank,Venstre
18711,Birgitte Bergman,Det Konservative Folkeparti
18706,Anne Valentina Berthelsen,Socialistisk Folkeparti
18701,Marie Bjerre,Venstre
18717,Bjørn Brandenborg,Socialdemokratiet
18728,Anne Sophie Callesen,Radikale Venstre
18707,Astrid Carøe,Socialistisk Folkeparti
18722,Peter Seier Christensen,Uden for folketingsgrupperne
18696,Morten Dahlin,Venstre
18720,Camilla Fabricius,Socialdemokratiet
18712,Niels Flemming Hansen,Det Konservative Folkeparti
18688,Aki-Matilda Høegh-Dam,Naleraq
18713,Mona Juul,Det Konservative Folkeparti
18714,Kasper Sand Kjær,Socialdemokratiet
18718,Anders Kronborg,Socialdemokratiet
11702,Per Larsen,Det Konservative Folkeparti
18726,Stinus Lindgreen,Radikale Venstre
18724,Lars Boje Mathiesen,Borgernes Parti
18699,Christoffer Aagaard Melson,Venstre
18709,Signe Munk,Socialistisk Folkeparti
18708,Charlotte Broman Mølbæk,Socialistisk Folkeparti
18715,Henrik Møller,Socialdemokratiet
18725,Samira Nawa,Radikale Venstre
18704,Halime Oguz,Socialistisk Folkeparti
18727,Kathrine Olldag,Radikale Venstre
18729,Katrine Robsøe,Radikale Venstre
18691,Sikandar Siddique,Frie Grønne
18716,Rasmus Stoklund,Socialdemokratiet
18705,Ina Strøjer-Schmidt,Socialistisk Folkeparti
18721,Mette Thiesen,Dansk Folkeparti
18695,Kim Valentin,Venstre
18703,Alex Vanopslagh,Liberal Alliance
18694,Victoria Velasquez,Enhedslisten
18723,Pernille Vermund,Liberal Alliance
18693,Mai Villadsen,Enhedslisten
18719,Birgitte Vind,Socialdemokratiet
18692,Susanne Zimmer,Frie Grønne
18702,Anne Honoré Østergaard,Venstre
18697,Stén Knuth,Venstre
18710,Katarina Ammitzbøll,Det Konservative Folkeparti
18736,Egil Hulgaard,Det Konservative Folkeparti
18830,Nils Sjøberg,Radikale Venstre
18882,Tanja Larsson,Socialdemokratiet
18953,Mira Issa Bloch,Alternativet
18917,Balder Mørk Andersen,Socialistisk Folkeparti
19000,Theresa Berg Andersen,Socialistisk Folkeparti
19016,Dorthe Hindborg,Socialdemokratiet
19002,Gitte Willumsen,Det Konservative Folkeparti
19146,Anna Brændemose,Socialistisk Folkeparti
19133,Anders G. Christensen,Venstre
19142,Barbara Gaardlykke Apol,Javnaðarflokkurin
19196,Ruben Kidde,Radikale Venstre
19221,Hanne Bjørn-Klausen,Det Konservative Folkeparti
19475,Susan Kronborg,Radikale Venstre
19480,Henrik Vinther,Radikale Venstre
19569,Maja Torp,Venstre
19637,Kenneth Mikkelsen,Venstre
19684,Mads Andersen,Det Konservative Folkeparti
19748,Stine Pilt Olsen,Det Konservative Folkeparti
19807,Anne Rasmussen,Venstre
19809,Christina Thorholm,Radikale Venstre
19806,Alexander Grandt,Socialdemokratiet
19919,Brian Bressendorff,Socialdemokratiet
19920,Karsten Filsø,Socialistisk Folkeparti
19948,Mark Grossmann,Venstre
19928,Kim Aas,Socialdemokratiet
19982,Jan Bjergskov Larsen,Socialistisk Folkeparti
19996,Helgi Abrahamsen,Sambandsflokkurin
20051,Theis Kylling Hommeltoft,Socialdemokratiet
20144,Maria Gudme,Socialdemokratiet
17134,Jonathan Simmel,Enhedslisten
20359,Sigurd Agersnap,Socialistisk Folkeparti
20355,Kim Edberg Andersen,Danmarksdemokraterne
20358,Marianne Bigum,Socialistisk Folkeparti
20356,Mikkel Bjørn,Dansk Folkeparti
20399,Louise Brown,Liberal Alliance
20352,Helene Brydensholt,Alternativet
20376,Kristian Bøgsted,Danmarksdemokraterne
20363,Sara Emil Baaring,Socialdemokratiet
20393,Katrine Daugaard,Liberal Alliance
20368,Maria Durhuus,Socialdemokratiet
20378,Rosa Eriksen,Moderaterne
20349,Anna Falkenberg,Sambandsflokkurin
20353,Sascha Faxe,Alternativet
20390,Mike Villa Fonseca,Uden for folketingsgrupperne
20384,Nanna W. Gotfredsen,Moderaterne
20385,Charlotte Bagge Hansen,Moderaterne
20389,Peter Have,Moderaterne
20361,Fie Hækkerup,Socialdemokratiet
20391,Sólbjørg Jakobsen,Liberal Alliance
20366,Thomas Skriver Jensen,Socialdemokratiet
20373,Susie Jessen,Danmarksdemokraterne
20372,Betina Kastbjerg,Danmarksdemokraterne
20387,Kristian Klarskov,Moderaterne
20381,Karin Liltorp,Alternativet
20386,Rasmus Lund-Nielsen,Moderaterne
20396,Jens Meilvang,Liberal Alliance
20362,Thomas Monberg,Socialdemokratiet
20375,Charlotte Munch,Danmarksdemokraterne
20370,Christina Olumeko,Alternativet
20374,Kenneth Fredslund Petersen,Danmarksdemokraterne
20365,Matilde Powers,Socialdemokratiet
20380,Monika Rubin,Moderaterne
20395,Alexander Ryle,Liberal Alliance
20354,Theresa Scavenius,Uden for folketingsgrupperne
20400,Sandra Elisabeth Skalvig,Liberal Alliance
20367,Kris Jensen Skriver,Socialdemokratiet
20388,Jon Stephensen,Uden for folketingsgrupperne
20383,Jeppe Søe,Uden for folketingsgrupperne
20371,Linea Søgaard-Lidell,Venstre
20364,Frederik Vad,Socialdemokratiet
20350,Nick Zimmermann,Dansk Folkeparti
20351,Franciska Rosenkilde,Alternativet
20357,Lise Bertelsen,Det Konservative Folkeparti
20360,Sofie Lippert,Socialistisk Folkeparti
20369,Helle Bonnesen,Det Konservative Folkeparti
20377,Henrik Frandsen,Moderaterne
20379,Tobias Grotkjær Elmstrøm,Moderaterne
20382,Mette Kierkgaard,Moderaterne
20392,Lars-Christian Brask,Liberal Alliance
20394,Steffen W. Frølund,Liberal Alliance
20397,Steffen Larsen,Liberal Alliance
20398,Helena Artmann Andresen,Liberal Alliance
20411,Leila Stockmarr,Enhedslisten
20415,Mohammad Rona,Moderaterne
20496,Henrik Rejnholt Andersen,Moderaterne
20539,Noah Sturis,Alternativet
20559,Reza Javid,Enhedslisten
20580,Lean Milo,Moderaterne
20527,Nanna Høyrup,Alternativet
20599,Søren Rasmussen,Dansk Folkeparti
20642,Anne Hegelund,Enhedslisten
20629,Nikoline Erbs Hillers-Bendtsen,Alternativet
20635,Markus E. Olsen,Siumut
20767,Andreas Karlsen,Det Konservative Folkeparti
20781,Gunvor Wibroe,Socialdemokratiet
20747,Jenny Andresen,Danmarksdemokraterne
20779,Runa Friis Hansen,Enhedslisten
20790,Ken Kristensen,Venstre
20805,Jan Carlsen,Moderaterne
20798,Mads Olsen,Socialistisk Folkeparti
20820,Carl Andersen,Liberal Alliance
20823,Morten Vehl,Danmarksdemokraterne
20841,Lars Arne Christensen,Moderaterne
20916,Kenneth Bjerg Andersen,Moderaterne
20917,Tina Cartey Hansen,Det Konservative Folkeparti
20925,Dina Raabjerg,Det Konservative Folkeparti
20930,Louise Mehnke,Socialdemokratiet
20941,Preben Friis-Hauge,Venstre
20962,Claus Jørgensen,Socialistisk Folkeparti
20966,Frederik Bloch Münster,Det Konservative Folkeparti
20976,Caroline Stage Olsen,Moderaterne
21075,Michael Rosenmark,Danmarksdemokraterne
21076,Charlotte Nellemann,Liberal Alliance
21083,Thorkild Holmboe-Hay,Socialdemokratiet
21044,Lasse Haugaard Pedersen,Socialdemokratiet
21143,Morten Klessen,Socialdemokratiet
21159,Ammar Ali,Moderaterne
21161,Lisa Perkins,Liberal Alliance
21194,Joachim Hoffmann-Petersen,Det Konservative Folkeparti
21168,Erik Veje Rasmussen,Venstre
21186,Mads Madsen Henriksen,Socialdemokratiet
21206,Elvira Kûitse,Naleraq
