aktørid,aktør,relation_start,relation_end,party_clean
5,Frank Aaen,1994-09-21,1995-10-02,Enhedslisten
5,Frank Aaen,1995-10-03,2014-10-06,Enhedslisten
12,Nicolai Wammen,2002-10-01,2025-10-06,Socialdemokratiet
13,Sara Olsvig,2011-09-15,2015-05-27,Inuit Ataqatigiit
17,Christine Antorini,1998-10-06,2007-11-12,Socialistisk Folkeparti
17,Christine Antorini,2007-11-13,2017-10-02,Socialdemokratiet
18,Alex Ahrendtsen,2022-11-01,2025-10-06,Dansk Folkeparti
23,Bjarne Corydon,2011-09-15,2015-10-05,Socialdemokratiet
24,Karsten Lauritzen,2007-11-13,2021-10-04,Venstre
28,Henrik Sass Larsen,2000-10-01,2019-06-04,Socialdemokratiet
33,Holger K. Nielsen,1982-10-05,2018-10-06,Socialistisk Folkeparti
34,Søren Espersen,2007-11-13,2022-06-24,Dansk Folkeparti
34,Søren Espersen,2022-06-25,2022-08-17,Uden for Folketingsgrupperne
34,Søren Espersen,2022-08-18,2022-10-03,Danmarksdemokraterne
38,Astrid Krag,2006-10-24,2014-10-06,Socialistisk Folkeparti
38,Astrid Krag,2014-10-07,2022-10-03,Socialdemokratiet
39,Christian Juhl,2011-09-15,2022-10-03,Enhedslisten
43,Pia Olsen Dyhr,2022-11-01,2025-10-06,Socialistisk Folkeparti
44,Henning Hyllested,2011-09-15,2022-10-03,Enhedslisten
47,Karen Hækkerup (udpeget af S),2007-11-13,2014-10-06,Socialdemokratiet
48,Peter Skaarup,2022-11-01,2025-10-06,Danmarksdemokraterne
49,Erling Bonnesen,2022-11-01,2025-10-06,Venstre
50,Liselott Blixt,2007-11-13,2022-02-21,Dansk Folkeparti
50,Liselott Blixt,2022-02-22,2022-10-03,Uden for Folketingsgrupperne
55,Marianne Jelved,1987-10-06,2010-10-04,Radikale Venstre
55,Marianne Jelved,2010-10-05,2022-10-03,Radikale Venstre
56,Karin Nødgaard,2005-02-08,2018-10-01,Dansk Folkeparti
57,Jakob Engel-Schmidt,2013-08-15,2022-10-31,Venstre
57,Jakob Engel-Schmidt,2022-11-01,2025-10-06,Moderaterne
59,Rasmus Helveg Petersen,2011-09-15,2022-10-03,Radikale Venstre
62,Annette Vilhelmsen,2008-10-29,2014-11-07,Socialistisk Folkeparti
64,Flemming Damgaard Larsen,2002-10-01,2014-10-06,Venstre
67,Nick Hækkerup,2007-11-13,2021-10-04,Socialdemokratiet
68,Nikolaj Villumsen,2011-09-15,2019-02-01,Enhedslisten
69,Pernille Skipper,2011-09-15,2022-10-03,Enhedslisten
70,Martin Henriksen (udpeget af DF),2005-02-08,2018-10-01,Dansk Folkeparti
71,Tom Behnke,1991-10-01,1999-10-11,Fremskridtspartiet
71,Tom Behnke,1999-10-12,2001-02-06,Frihed 2000
71,Tom Behnke,2001-02-07,2015-04-26,Det Konservative Folkeparti
72,Karen Ellemann,2007-11-13,2022-10-03,Venstre
73,Merete Riisager,2011-09-15,2018-10-01,Liberal Alliance
74,Mette Reissmann,2022-11-01,2025-10-06,Socialdemokratiet
75,Jeppe Mikkelsen,2011-09-15,2014-11-07,Radikale Venstre
77,Kristian Thulesen Dahl,1994-10-04,1995-10-05,Fremskridtspartiet
77,Kristian Thulesen Dahl,1995-10-06,2022-06-29,Dansk Folkeparti
77,Kristian Thulesen Dahl,2022-06-30,2025-12-02,Uden for Folketingsgrupperne
78,Marie Krarup,2011-09-15,2022-02-26,Dansk Folkeparti
78,Marie Krarup,2022-02-27,2022-10-03,Uden for Folketingsgrupperne
79,Christian Langballe (udpeget af DF),2011-09-15,2020-06-08,Dansk Folkeparti
80,Torsten Schack Pedersen,2007-11-13,2022-10-03,Venstre
81,Mads Rørvig,2009-10-28,2014-10-06,Venstre
82,Hans Kristian Skibby,2005-02-08,2022-02-21,Dansk Folkeparti
82,Hans Kristian Skibby,2022-02-22,2022-08-17,Uden for Folketingsgrupperne
82,Hans Kristian Skibby,2022-08-18,2022-10-03,Danmarksdemokraterne
83,Brian Mikkelsen,1994-10-04,2017-10-02,Det Konservative Folkeparti
84,Troels Ravn,2008-10-29,2019-09-30,Socialdemokratiet
85,Özlem Sara Cekic,2007-11-13,2014-10-06,Socialistisk Folkeparti
86,Marlene Borst Hansen,2011-09-15,2017-10-08,Radikale Venstre
87,Finn Sørensen,2011-09-15,2018-10-01,Enhedslisten
88,Martin Geertsen,2011-09-15,2022-10-03,Venstre
92,Carsten Hansen,1998-10-06,2018-04-02,Socialdemokratiet
93,Louise Elholm,2007-11-13,2022-10-03,Venstre
94,Peter Christensen,2002-10-01,2014-10-06,Venstre
95,Steen Gade,1982-10-05,2014-10-06,Socialistisk Folkeparti
96,Mike Legarth,2007-11-13,2014-10-06,Det Konservative Folkeparti
97,Jesper Petersen,2022-11-01,2025-10-06,Socialdemokratiet
98,René Christensen,2008-01-10,2022-10-03,Dansk Folkeparti
99,Ole Birk Olesen,2011-09-15,2022-10-03,Liberal Alliance
100,Sofie Carsten Nielsen,2011-09-15,2022-10-03,Radikale Venstre
101,Morten Marinus,2011-09-15,2018-10-01,Dansk Folkeparti
102,Jan E. Jørgensen,2022-11-01,2025-10-06,Venstre
103,Anne Sina,2011-10-27,2021-10-04,Socialdemokratiet
106,Margrethe Vestager,2002-10-01,2007-11-12,Radikale Venstre
108,Charlotte Dyremose,2002-10-01,2014-10-06,Det Konservative Folkeparti
109,Trine Pertou Mach,2022-11-01,2025-10-06,Enhedslisten
110,Rosa Lund,2011-09-15,2022-10-03,Enhedslisten
111,Joachim B. Olsen,2011-09-15,2018-10-01,Liberal Alliance
112,Lotte Rod,2011-09-15,2022-10-03,Radikale Venstre
113,Jens Henrik Thulesen Dahl,2022-11-01,2025-10-06,Danmarksdemokraterne
116,Morten Østergaard,2006-10-03,2010-10-04,Radikale Venstre
116,Morten Østergaard,2010-10-05,2020-10-05,Radikale Venstre
117,Simon Emil Ammitzbøll-Bille,2005-02-08,2008-10-12,Radikale Venstre
117,Simon Emil Ammitzbøll-Bille,2008-10-13,2009-06-18,Uden for Folketingsgrupperne
117,Simon Emil Ammitzbøll-Bille,2009-06-19,2019-10-22,Liberal Alliance
117,Simon Emil Ammitzbøll-Bille,2019-10-23,2022-10-03,Uden for Folketingsgrupperne
118,Trine Bramsen,2011-09-15,2022-10-03,Socialdemokratiet
119,Dennis Flydtkjær,2006-05-23,2022-06-25,Dansk Folkeparti
119,Dennis Flydtkjær,2022-06-26,2022-08-17,Uden for Folketingsgrupperne
119,Dennis Flydtkjær,2022-08-18,2022-10-03,Danmarksdemokraterne
120,Benny Engelbrecht,2022-11-01,2025-10-06,Socialdemokratiet
121,Karina Lorentzen Dehnhardt,2007-11-13,2022-10-03,Socialistisk Folkeparti
122,Stine Brix,2011-09-15,2019-05-07,Enhedslisten
123,Andreas Steenberg,2011-09-15,2022-10-03,Radikale Venstre
124,Kim Christiansen,2005-02-08,2018-10-01,Dansk Folkeparti
125,Hans Christian Schmidt,1998-10-06,2022-10-03,Venstre
126,Kim Andersen (udpeget af V),2000-10-03,2014-10-06,Venstre
127,Preben Bang Henriksen,2011-09-15,2022-10-03,Venstre
129,Bertel Haarder,1977-02-15,2022-10-03,Venstre
130,Sophie Løhde,2007-11-13,2022-10-03,Venstre
131,Lene Espersen,1994-10-04,2014-10-06,Det Konservative Folkeparti
132,Søren Pind,2007-11-13,2017-10-02,Venstre
133,John Dyrby Paulsen,2005-03-10,2014-10-06,Socialdemokratiet
134,Christian Friis Bach,2022-11-01,2024-08-04,Radikale Venstre
134,Christian Friis Bach,2024-08-05,2025-10-06,Venstre
135,Mette Bock,2011-09-15,2018-10-01,Liberal Alliance
138,Mette Frederiksen,2002-10-01,2025-10-06,Socialdemokratiet
139,Thomas Danielsen,2011-09-15,2022-10-03,Venstre
141,Martin Lidegaard,2022-11-01,2025-10-06,Radikale Venstre
145,Lars Løkke Rasmussen,1994-10-04,2020-12-31,Venstre
145,Lars Løkke Rasmussen,2021-01-01,2022-05-18,Uden for Folketingsgrupperne
145,Lars Løkke Rasmussen,2022-05-19,2025-10-06,Moderaterne
147,Johanne Schmidt-Nielsen,2007-11-13,2019-02-28,Enhedslisten
148,Anders Samuelsen,2002-10-01,2007-11-12,Radikale Venstre
148,Anders Samuelsen,2007-11-13,2008-08-27,Ny Alliance
148,Anders Samuelsen,2008-08-28,2018-10-01,Liberal Alliance
149,Lars Barfoed,2002-10-01,2014-10-06,Det Konservative Folkeparti
152,Ida Auken,2007-11-13,2014-02-03,Socialistisk Folkeparti
152,Ida Auken,2014-02-04,2021-02-02,Radikale Venstre
152,Ida Auken,2021-02-03,2022-10-03,Socialdemokratiet
153,Per Stig Møller,1984-10-02,2014-10-06,Det Konservative Folkeparti
154,Mogens Jensen,2022-11-01,2025-10-06,Socialdemokratiet
155,Villum Christensen,2008-09-09,2018-10-01,Liberal Alliance
156,Lone Loklindt,2011-09-15,2014-10-06,Radikale Venstre
158,Eigil Andersen,2005-04-28,2014-10-06,Socialistisk Folkeparti
159,Lars Dohn,2011-09-15,2014-10-06,Enhedslisten
160,Jan Johansen,2011-09-15,2022-10-03,Socialdemokratiet
161,Liv Holm Andersen,2011-09-15,2014-10-06,Radikale Venstre
162,Karina Adsbøl,2011-09-15,2022-02-21,Dansk Folkeparti
162,Karina Adsbøl,2022-02-22,2022-08-17,Uden for Folketingsgrupperne
162,Karina Adsbøl,2022-08-18,2022-10-03,Danmarksdemokraterne
163,Ellen Trane Nørby,2007-11-13,2016-10-03,Venstre
164,Hans Andersen,2002-10-01,2022-10-03,Venstre
167,Dan Jørgensen,2015-06-18,2024-09-30,Socialdemokratiet
168,Anni Matthiesen,2011-09-15,2022-10-03,Venstre
171,Per Clausen,2007-11-13,2014-10-06,Enhedslisten
172,Pernille Rosenkrantz-Theil,2002-10-01,2011-09-14,Enhedslisten
172,Pernille Rosenkrantz-Theil,2011-09-15,2022-10-03,Socialdemokratiet
173,Jacob Jensen,2007-11-13,2022-10-03,Venstre
176,Søren Søndergaard,2001-11-20,2025-10-06,Enhedslisten
178,Michael Aastrup Jensen,2022-11-01,2024-09-30,Venstre
179,Hans Christian Thoning,2007-11-13,2018-10-24,Venstre
180,Peter Juel-Jensen,2007-11-13,2022-10-03,Venstre
181,Annette Lind,2022-11-01,2023-10-02,Socialdemokratiet
182,Inger Støjberg,2022-11-01,2025-10-06,Danmarksdemokraterne
183,Bent Bøgsted,2002-10-01,2022-02-21,Dansk Folkeparti
183,Bent Bøgsted,2022-02-22,2022-08-17,Uden for Folketingsgrupperne
183,Bent Bøgsted,2022-08-18,2022-10-03,Danmarksdemokraterne
184,Lennart Damsbo-Andersen,2007-11-13,2021-10-04,Socialdemokratiet
185,Nadeem Farooq,2011-03-17,2014-10-06,Radikale Venstre
187,Julie Skovsby,2007-11-13,2013-07-02,Socialdemokratiet
188,Sanne Rubinke,2010-02-11,2015-01-12,Socialistisk Folkeparti
189,Mai Mercado,2011-09-15,2022-10-03,Det Konservative Folkeparti
190,Thyra Frank,2011-09-15,2014-11-07,Liberal Alliance
191,Zenia Stampe,2011-09-15,2022-10-03,Radikale Venstre
192,Fatma Øktem,2011-09-15,2022-10-03,Venstre
193,Karsten Nonbo,2000-10-03,2011-10-03,Venstre
194,Kristian Pihl Lorentzen,2007-11-13,2022-10-03,Venstre
195,Pernille Vigsø Bagge,2007-11-13,2014-12-19,Socialistisk Folkeparti
197,Mette Gjerskov,2007-11-13,2020-10-05,Socialdemokratiet
198,Anne Baastrup,1994-10-04,2014-10-06,Socialistisk Folkeparti
199,Karsten Hønge,2022-11-01,2025-10-06,Socialistisk Folkeparti
200,Jane Heitmann,2011-09-15,2022-10-03,Venstre
201,Thomas Jensen,2007-11-13,2013-11-11,Socialdemokratiet
202,Peder Christensen,2013-10-21,2014-03-17,Socialdemokratiet
205,Jonas Dahl,2007-11-13,2015-10-05,Socialistisk Folkeparti
206,Troels Lund Poulsen,2007-11-13,2022-10-03,Venstre
207,Jakob Ellemann-Jensen,2011-09-15,2022-10-03,Venstre
208,Simon Kollerup,2022-11-01,2025-10-06,Socialdemokratiet
209,Camilla Hersom,2011-09-15,2014-10-06,Radikale Venstre
210,Birgitte Josefsen,2004-10-19,2014-10-06,Venstre
211,Jørn Dohrmann,2002-10-01,2013-09-30,Dansk Folkeparti
212,Eyvind Vesselbo,2002-10-01,2014-10-06,Venstre
213,Jens Joel,2011-09-15,2022-10-03,Socialdemokratiet
214,Jeppe Bruus,2013-11-05,2022-10-31,Socialdemokratiet
215,Jørgen Arbo-Bæhr,2011-09-15,2014-10-06,Enhedslisten
216,Mikkel Dencker,2002-10-01,2018-10-01,Dansk Folkeparti
217,Lars Christian Lilleholt,2007-11-13,2021-10-04,Venstre
219,Lisbeth Bech-Nielsen,2011-09-15,2022-10-03,Socialistisk Folkeparti
220,Morten Bødskov,2002-10-01,2022-10-03,Socialdemokratiet
221,Pia Adelsteen,2007-11-13,2018-10-01,Dansk Folkeparti
223,Henrik Høegh,2007-11-13,2014-10-06,Venstre
224,Flemming Møller Mortensen,2022-11-01,2025-10-06,Socialdemokratiet
225,Uffe Elbæk,2011-09-15,2013-09-16,Radikale Venstre
225,Uffe Elbæk,2013-09-17,2015-03-12,Uden for Folketingsgrupperne
225,Uffe Elbæk,2015-03-13,2020-03-09,Alternativet
225,Uffe Elbæk,2020-03-10,2021-11-02,Uden for Folketingsgrupperne
225,Uffe Elbæk,2021-11-03,2022-09-16,Frie Grønne
225,Uffe Elbæk,2022-09-17,2022-10-03,Alternativet
226,Ole Sohn,1998-10-06,2013-09-30,Socialistisk Folkeparti
231,Manu Sareen,2011-01-01,2014-10-06,Radikale Venstre
234,Anders Fogh Rasmussen,1978-10-01,2007-11-12,Venstre
235,Jeppe Kofod,1998-10-06,2013-09-30,Socialdemokratiet
238,Morten Messerschmidt,2005-02-08,2007-05-02,Dansk Folkeparti
238,Morten Messerschmidt,2007-05-03,2007-05-30,Uden for Folketingsgrupperne
238,Morten Messerschmidt,2007-05-31,2022-10-03,Dansk Folkeparti
244,Magnus Heunicke,2007-11-13,2022-10-03,Socialdemokratiet
245,Leif Mikkelsen,2002-10-01,2007-05-10,Venstre
245,Leif Mikkelsen,2007-05-11,2007-07-09,Uden for Folketingsgrupperne
245,Leif Mikkelsen,2007-07-10,2011-09-14,Ny Alliance
245,Leif Mikkelsen,2011-09-15,2018-11-07,Liberal Alliance
246,Orla Hav,2007-11-13,2022-10-03,Socialdemokratiet
247,Edmund Joensen,1994-10-04,2007-11-12,Venstre
247,Edmund Joensen,2007-11-13,2022-10-03,Sambandsflokkurin
249,Kirsten Brosbøl (udpeget af S),2007-11-13,2018-10-01,Socialdemokratiet
252,Pia Kjærsgaard,1984-10-02,1995-10-05,Fremskridtspartiet
252,Pia Kjærsgaard,1995-10-06,2022-10-03,Dansk Folkeparti
257,Bjarne Laustsen,2007-11-13,2020-10-05,Socialdemokratiet
258,Poul Andersen,1992-10-06,2013-09-30,Socialdemokratiet
259,Anne-Mette Winther Christiansen (udpeget af V),2007-11-13,2014-10-06,Venstre
260,Leif Lahn Jensen,2007-11-13,2022-10-03,Socialdemokratiet
261,Esben Lunde Larsen,2011-09-15,2017-10-02,Venstre
262,Sjúrður Skaale,2022-11-01,2025-10-06,Javnaðarflokkurin
263,Mette Hjermind Dencker,2011-09-15,2022-10-03,Dansk Folkeparti
264,Rasmus Prehn,2022-11-01,2024-09-30,Socialdemokratiet
265,Eva Kjer Hansen,1991-10-01,2022-10-03,Venstre
266,Rasmus Horn Langhoff,2011-09-15,2022-10-03,Socialdemokratiet
268,Helle Løvgreen Mølvig,2014-08-01,2014-10-06,Radikale Venstre
270,Claus Hjort Frederiksen,2007-11-13,2022-10-03,Venstre
271,Kristian Jensen,1998-10-06,2020-10-05,Venstre
272,Ole Hækkerup,1998-10-06,2015-11-12,Socialdemokratiet
273,Per Husted,2009-03-24,2023-10-02,Socialdemokratiet
276,Pernille Boye Koch,2013-01-01,2013-10-20,Radikale Venstre
276,Pernille Boye Koch,2013-10-21,2025-12-02,Radikale Venstre
276,Pernille Boye Koch,2013-10-21,2013-10-20,Uden for Folketingsgrupperne
277,Johan Lund Olsen,2013-09-08,2014-10-06,Inuit Ataqatigiit
278,Karin Gaardsted,2011-09-15,2021-02-21,Socialdemokratiet
279,Tina Nedergaard,2002-10-01,2014-10-06,Venstre
280,Karen J. Klint (udpeget af S),2007-11-13,2011-11-17,Socialdemokratiet
281,Finn Thranum,2011-12-06,2014-10-06,Venstre
282,Sanne Bjørn,2014-04-29,2017-01-30,Radikale Venstre
286,Ane Halsboe-Jørgensen,2011-09-15,2022-10-03,Socialdemokratiet
288,Torben Hansen (udpeget af S),2002-10-01,2014-10-06,Socialdemokratiet
294,Doris Jakobsen,2009-10-08,2015-02-11,Siumut
296,Ulla Tørnæs,1994-10-04,2022-10-03,Venstre
297,Maja Panduro (udpeget af S),2009-08-05,2019-05-07,Socialdemokratiet
302,Benedikte Kiær,2011-09-15,2013-09-30,Det Konservative Folkeparti
303,Anita Christensen,2007-11-15,2015-05-27,Dansk Folkeparti
304,Jacob Lund,2011-11-29,2014-10-06,Socialdemokratiet
305,Jens Ejner Christensen,2014-07-01,2014-10-06,Venstre
343,Mie Bergmann,2013-01-10,2014-10-21,Radikale Venstre
344,Linda Kristiansen,2012-10-23,2025-12-02,Radikale Venstre
348,Villy Søvndal,1994-08-01,2013-09-30,Socialistisk Folkeparti
350,Gitte Lillelund Bech,1999-10-01,2012-10-01,Venstre
351,Sophie Hæstorp Andersen,2002-10-01,2013-12-03,Socialdemokratiet
352,Henrik Dam Kristensen,1992-10-06,2022-10-03,Socialdemokratiet
353,Lykke Friis,2011-09-15,2012-10-01,Venstre
354,Mette Boye,2013-04-30,2025-12-02,Socialistisk Folkeparti
362,Vivi Kier,2007-11-13,2013-09-30,Det Konservative Folkeparti
363,Jacob Bjerregaard,2011-09-15,2013-09-30,Socialdemokratiet
364,Birthe Rønn Hornbech,1984-10-02,2014-10-06,Venstre
365,Karen Jespersen,1991-10-01,2007-11-12,Socialdemokratiet
365,Karen Jespersen,2007-11-13,2014-10-06,Venstre
366,Daniel Toft Jakobsen,2012-10-23,2022-10-03,Socialdemokratiet
367,Karen Touborg,2013-04-04,2025-12-02,Socialistisk Folkeparti
370,Thomas Medom,2013-10-01,2013-09-30,Socialistisk Folkeparti
371,Niels Christian Nielsen,2008-11-03,2013-06-24,Socialdemokratiet
376,Annika Smith,2013-11-26,2025-12-02,Socialistisk Folkeparti
378,Merete Dea Larsen,2011-10-27,2018-10-01,Dansk Folkeparti
379,Kristen Touborg,1994-10-04,2013-10-22,Socialistisk Folkeparti
384,Mogens Lykketoft,1987-09-08,2016-09-30,Socialdemokratiet
386,Claus Larsen-Jensen (udpeget af),1998-10-06,2017-10-08,Socialdemokratiet
645,Christian Mejdahl,1987-10-06,2003-10-06,Venstre
646,Jens Hald,1994-09-21,2003-10-06,Venstre
647,Charlotte Antonsen (udpeget af V),1991-10-01,2003-10-06,Venstre
648,Carina Christensen,2002-10-01,2010-10-04,Det Konservative Folkeparti
649,Jakob Axel Nielsen,2007-11-13,2010-10-04,Det Konservative Folkeparti
650,Hüseyin Arac,2010-10-26,2025-12-02,Socialdemokratiet
651,Jens Christian Lund,2007-11-13,2010-10-04,Socialdemokratiet
652,Lene Jensen,2002-10-01,2003-10-06,Socialdemokratiet
653,Lise von Seelen,2007-11-13,2010-10-04,Socialdemokratiet
654,Lone Dybkjær,1974-10-01,2010-10-04,Radikale Venstre
654,Lone Dybkjær,2010-10-05,2011-04-15,Radikale Venstre
655,Rune Lund,2007-10-13,2021-10-04,Enhedslisten
656,Jesper Kiel,2005-01-13,2017-11-29,Enhedslisten
657,Pia Larsen,1991-10-01,2003-10-06,Venstre
660,Svend Erik Hovmand,1976-10-05,2003-10-06,Venstre
661,Jens Rohde,1998-10-06,2019-06-04,Venstre
661,Jens Rohde,2019-06-05,2021-01-26,Radikale Venstre
661,Jens Rohde,2021-01-27,2021-04-26,Uden for Folketingsgrupperne
661,Jens Rohde,2021-04-27,2022-08-25,Kristendemokraterne
661,Jens Rohde,2022-08-26,2022-10-03,Uden for Folketingsgrupperne
662,Poul Nødgaard,1991-10-01,1995-10-05,Fremskridtspartiet
662,Poul Nødgaard,1995-10-06,2005-02-07,Dansk Folkeparti
663,Christian H. Hansen,1998-10-06,2010-01-31,Dansk Folkeparti
663,Christian H. Hansen,2010-02-01,2010-10-04,Uden for Folketingsgrupperne
664,Pia Christmas-Møller,1988-05-10,2007-12-04,Det Konservative Folkeparti
664,Pia Christmas-Møller,2007-12-05,2010-10-04,Uden for Folketingsgrupperne
665,Helge Adam Møller,1987-09-08,2010-10-04,Det Konservative Folkeparti
666,Jørn Pedersen,1991-10-01,2007-05-07,Socialdemokratiet
667,Søren Egge Rasmussen,2005-12-12,2022-10-03,Enhedslisten
668,Naser Khader,2002-10-01,2007-05-08,Radikale Venstre
668,Naser Khader,2007-05-09,2007-07-09,Uden for Folketingsgrupperne
668,Naser Khader,2007-07-10,2008-08-27,Ny Alliance
668,Naser Khader,2008-08-28,2009-01-04,Liberal Alliance
668,Naser Khader,2009-01-05,2009-03-17,Uden for Folketingsgrupperne
668,Naser Khader,2009-03-18,2021-08-18,Det Konservative Folkeparti
668,Naser Khader,2021-08-19,2022-10-03,Uden for Folketingsgrupperne
669,Frank Jensen,1987-10-06,2003-10-06,Socialdemokratiet
670,Lars Emil Johansen,2002-10-01,2010-10-04,Siumut
671,Niels Helveg Petersen,1967-10-03,2010-10-04,Radikale Venstre
671,Niels Helveg Petersen,2010-10-05,2025-12-02,Radikale Venstre
672,Kuupik Kleist,2001-11-20,2003-10-06,Inuit Ataqatigiit
675,Hanne Severinsen,1984-10-02,2003-10-06,Venstre
676,Søren Krarup,2002-10-01,2010-10-04,Dansk Folkeparti
677,Jesper Langballe,2002-10-01,2010-10-04,Dansk Folkeparti
678,Klaus Hækkerup (udpeget af S),1988-10-04,2010-10-04,Socialdemokratiet
679,Per Kaalund,1994-10-04,2003-10-06,Socialdemokratiet
680,Morten Helveg Petersen,1998-10-06,2008-10-06,Radikale Venstre
725,Preben Rudiengaard,1998-03-11,2010-10-04,Venstre
794,Lene Garsdal,2001-10-01,2003-10-06,Socialistisk Folkeparti
801,Lene Hansen,2007-11-13,2009-10-05,Socialdemokratiet
856,Line Barfod,2002-10-01,2010-10-04,Enhedslisten
918,Lisbeth Petersen,2002-10-01,2003-10-06,Venstre
920,Lise Hækkerup,1991-10-01,2004-11-10,Socialdemokratiet
951,Lissa Mathiasen,1984-01-10,2003-10-06,Socialdemokratiet
1023,Lone Møller (udpeget af S),1987-10-06,2010-10-04,Socialdemokratiet
1039,Lotte Bundsgaard,1998-10-06,2003-10-06,Socialdemokratiet
1044,Lotte Thiim Bertelsen,2006-10-05,2025-12-02,Socialistisk Folkeparti
1047,Louise Frevert,2002-10-01,2007-05-08,Dansk Folkeparti
1047,Louise Frevert,2007-05-09,2025-12-02,Uden for Folketingsgrupperne
1067,Lykke Roed,2004-10-19,2025-12-02,Dansk Folkeparti
1085,Majbrit Berlau,2005-03-31,2005-10-12,Enhedslisten
1087,Malene Søgaard-Andersen,2010-10-14,2025-12-02,Socialistisk Folkeparti
1090,Malou Aamund,2007-11-13,2008-02-06,Ny Alliance
1090,Malou Aamund,2008-02-07,2010-10-04,Venstre
1094,Margot Torp,1998-10-06,2004-07-07,Socialdemokratiet
1115,Marianne Pedersen,2002-10-01,2003-10-06,Venstre
1116,Marianne Saxtoft,2006-01-23,2007-01-21,Radikale Venstre
1121,Marie Fugl,2005-10-27,2007-05-07,Socialistisk Folkeparti
1124,Marion Pedersen,2004-10-19,2010-10-04,Venstre
1146,Marlene Harpsøe,2007-11-13,2022-10-31,Dansk Folkeparti
1146,Marlene Harpsøe,2022-11-01,2025-10-06,Danmarksdemokraterne
1162,Meta Fuglsang,2009-02-02,2012-01-16,Socialistisk Folkeparti
1172,Mia Falkenberg,2005-06-17,2007-11-12,Dansk Folkeparti
1183,Michael Thomsen,2006-02-07,2025-12-02,Socialistisk Folkeparti
1201,Mogens Camre,1968-10-01,2007-11-12,Socialdemokratiet
1201,Mogens Camre,2007-11-13,2025-12-02,Dansk Folkeparti
1219,Mogens Nørgård,2002-09-10,2003-10-29,Kristendemokraterne
1219,Mogens Nørgård,2003-10-30,2025-12-02,Kristendemokraterne
1234,Morten Homann,2002-10-01,2003-10-06,Socialistisk Folkeparti
1250,Jan Trøjborg,1987-10-06,2003-10-06,Socialdemokratiet
1256,Pia Gjellerup (udpeget af S),1987-10-06,2003-10-06,Socialdemokratiet
1258,Nanna Westerby,2007-11-13,2010-12-17,Socialistisk Folkeparti
1269,Niels Høiby,2011-06-05,2025-12-02,Liberal Alliance
1280,Niels Sindal,2002-10-01,2010-10-04,Socialdemokratiet
1299,Helle Sjelle,2002-10-01,2012-10-23,Det Konservative Folkeparti
1319,Ole Stavad (udpeget af S),1980-10-07,2003-10-06,Socialdemokratiet
1325,Ole Vagn Christensen,1984-10-02,2010-10-04,Socialdemokratiet
1334,Peter Laigaard,2014-10-22,2025-12-02,Liberal Alliance
1353,Peder Sass,1991-10-01,2003-10-06,Socialdemokratiet
1357,Helge Sander,1984-10-02,2010-10-04,Venstre
1358,Julie Rademacher,2007-11-13,2010-10-04,Socialdemokratiet
1362,Per Bisgaard,2007-11-13,2010-11-18,Venstre
1371,Per Dalgaard,2002-10-01,2010-10-04,Dansk Folkeparti
1375,Per Løkken,2009-10-28,2015-02-02,Det Konservative Folkeparti
1378,Per Ørum Jørgensen,2005-02-08,2010-05-19,Det Konservative Folkeparti
1378,Per Ørum Jørgensen,2010-05-20,2010-06-20,Uden for Folketingsgrupperne
1378,Per Ørum Jørgensen,2010-06-21,2010-10-04,Kristendemokraterne
1385,Pernille Frahm (udpeget af SF),1991-10-01,2010-10-04,Socialistisk Folkeparti
1392,Pernille Søndergaard,2008-01-15,2025-12-02,Enhedslisten
1393,Pernille Blach Hansen,1998-10-06,2003-10-06,Socialdemokratiet
1398,Peter Brixtofte,1974-10-01,2002-05-15,Venstre
1398,Peter Brixtofte,2002-05-16,2003-10-06,Uden for Folketingsgrupperne
1410,Peter Madsen,2010-05-03,2010-10-04,Venstre
1413,Peter Westermann,2010-10-05,2025-12-02,Socialistisk Folkeparti
1414,Peter Christian Christensen,1994-10-04,1997-10-06,Socialdemokratiet
1417,Pia Boisen,2004-10-18,2025-12-02,Enhedslisten
1431,Pia Kristensen,2002-10-01,2005-02-07,Dansk Folkeparti
1433,Poul Fischer,2002-10-01,2004-11-13,Dansk Folkeparti
1444,Poul Henrik Hedeboe,2004-07-16,2025-12-02,Socialistisk Folkeparti
1447,Poul Qvist Jørgensen,1984-10-02,2003-10-06,Socialdemokratiet
1454,Rasmus Jarlov,2010-01-12,2022-10-03,Det Konservative Folkeparti
1455,René Skau Björnsson,1998-10-06,2014-11-03,Socialdemokratiet
1461,Rikke Hvilshøj,1998-10-06,2007-11-12,Venstre
1463,Ritt Bjerregaard,1971-10-05,2003-10-06,Socialdemokratiet
1470,Sandy Brinck,1999-09-16,2003-10-06,Socialdemokratiet
1471,Sanne Schroll,2007-03-20,2025-12-02,Socialistisk Folkeparti
1473,Sidsel Homann,2005-12-08,2008-10-08,Socialistisk Folkeparti
1474,Sidsel Leth Svensson,2006-05-15,2025-12-02,Det Konservative Folkeparti
1478,Simon Pihl Sørensen,2006-01-10,2007-04-09,Socialdemokratiet
1484,Sofia Rossen,2007-04-10,2010-01-11,Inuit Ataqatigiit
1495,Bendt Bendtsen,1994-10-04,2003-10-06,Det Konservative Folkeparti
1502,Karl H. Bornhøft,2007-11-13,2014-11-03,Socialistisk Folkeparti
1503,Hans Vestager,2012-03-05,2012-10-01,Radikale Venstre
1504,Laura Lindahl,2012-10-23,2018-10-01,Liberal Alliance
1513,Kisser Franciska Lehnert,2012-10-02,2012-10-01,Liberal Alliance
1556,Jann Sjursen,1998-03-11,2003-10-29,Kristendemokraterne
1556,Jann Sjursen,2003-10-30,2025-12-02,Kristendemokraterne
1557,Bodil Kornbek,2001-11-20,2003-10-29,Kristendemokraterne
1557,Bodil Kornbek,2003-10-30,2025-12-02,Kristendemokraterne
1558,Tove Videbæk,1998-03-11,2003-10-29,Kristendemokraterne
1558,Tove Videbæk,2003-10-30,2025-12-02,Kristendemokraterne
1618,Walter Christophersen,2005-02-08,2025-12-02,Dansk Folkeparti
1619,Yildiz Akdogan,2007-11-13,2025-10-06,Socialdemokratiet
1623,Aage Frandsen,1971-10-05,2003-10-06,Socialistisk Folkeparti
1636,Aase D. Madsen (udpeget af DF),1998-10-06,2003-10-06,Dansk Folkeparti
1718,Svend Heiselberg,1980-10-07,2003-10-06,Venstre
1727,Jette Bergenholz Bautrup,2002-10-01,2003-10-06,Socialdemokratiet
1730,Elsebeth Gerner Nielsen,1994-10-04,2003-10-06,Radikale Venstre
1731,Flemming Hansen,1984-10-02,2003-10-06,Det Konservative Folkeparti
1739,Thor Gunnar Kofoed,2002-10-01,2003-10-06,Venstre
1740,Karina Sørensen,2002-10-01,2003-10-06,Dansk Folkeparti
1744,Kamal Qureshi,2002-10-01,2010-10-04,Socialistisk Folkeparti
1745,Ulrik Kragh,2001-02-04,2008-10-28,Venstre
1746,Tove Fergo,1994-10-04,2003-10-06,Venstre
1747,Jytte Wittrock,1994-10-04,2003-10-06,Socialdemokratiet
1749,Jens Vibjerg (udpeget af V),1994-10-04,2010-10-04,Venstre
1751,Inger Bierbaum,1994-10-04,2003-10-06,Socialdemokratiet
1752,Jørn Jespersen,1987-10-06,2003-10-06,Socialistisk Folkeparti
1753,Flemming Oppfeldt,1994-10-04,2004-10-18,Venstre
1753,Flemming Oppfeldt,2004-10-19,2025-12-02,Uden for Folketingsgrupperne
1755,Colette L. Brix,2002-10-01,2010-10-04,Dansk Folkeparti
1757,Irene Simonsen,2002-10-01,2010-10-26,Venstre
1759,Kaj Ikast,1983-06-28,2003-10-06,Det Konservative Folkeparti
1760,Helga Moos,1998-10-06,2003-10-06,Venstre
1761,Else Theill Sørensen,1987-10-06,2003-10-06,Det Konservative Folkeparti
1767,Arne Toft,2002-10-01,2003-10-06,Socialdemokratiet
1768,Grete Schødts,1988-10-04,2003-10-06,Socialdemokratiet
1769,Birthe Skaarup (udpeget af DF),1998-10-06,2005-02-07,Dansk Folkeparti
1770,Erik Mortensen,1994-10-04,2003-10-06,Socialdemokratiet
1771,Uno Larsson,2002-10-01,2003-10-06,Dansk Folkeparti
1773,Carsten Bo Jensen,2002-10-01,2003-10-06,Socialdemokratiet
1774,Jørgen Winther,1988-10-04,2003-10-06,Venstre
1777,Anita Knakkergaard,2002-10-01,2010-10-04,Dansk Folkeparti
1778,Svend Auken,1973-10-02,2008-10-06,Socialdemokratiet
1779,Else Winther Andersen,1991-10-01,2003-10-06,Venstre
1790,Freddy Dam (udpeget af V),2002-10-01,2003-10-06,Venstre
1791,Henrik Vestergaard,2002-10-01,2003-10-06,Venstre
1792,Svend Aage Jensby,1991-10-01,2003-10-06,Venstre
1793,Keld Albrechtsen,1984-10-02,1994-09-20,Venstresocialisterne
1793,Keld Albrechtsen,1994-09-21,1995-10-02,Enhedslisten
1793,Keld Albrechtsen,1995-10-03,2003-10-06,Enhedslisten
1804,Jan Petersen (udpeget af S),1991-10-01,2003-10-06,Socialdemokratiet
1805,Inge-Lene Ebdrup,2002-10-01,2007-08-14,Venstre
1805,Inge-Lene Ebdrup,2007-08-15,2025-12-02,Ny Alliance
1811,Erik Larsen (udpeget af V),1991-10-01,2003-10-06,Venstre
1814,Gudrun Laub,2002-10-01,2006-11-13,Venstre
1815,Jette Jespersen,2002-10-01,2003-10-06,Dansk Folkeparti
1817,Jens Christian Larsen,2002-10-01,2003-10-06,Venstre
1818,Ester Larsen,1994-10-04,2003-10-06,Venstre
1821,Sven Buhrkall,2002-10-01,2003-10-06,Venstre
1822,Jens Peter Vernersen,1994-10-04,2010-10-04,Socialdemokratiet
1823,Knud Erik Kirkegaard,1984-10-02,2003-10-06,Det Konservative Folkeparti
1824,Anders Møller,2002-10-01,2003-10-06,Venstre
1824,Anders Møller,2003-10-07,2025-12-02,Uden for Folketingsgrupperne
1829,Thor Pedersen,1985-01-01,2010-10-04,Venstre
1830,Helge Mortensen,1984-10-02,2003-10-06,Socialdemokratiet
1831,Freddie H. Madsen,2002-10-01,2003-10-06,Dansk Folkeparti
1833,Høgni Hoydal,2001-11-20,2010-12-16,Tjóðveldi
1833,Høgni Hoydal,2010-12-17,2017-10-02,Tjóðveldi
1844,Jens Kirk,1994-10-04,2010-10-04,Venstre
1845,Søren Gade,2002-10-01,2025-10-06,Venstre
1850,Christian Lund Jepsen,2003-03-12,2003-10-06,Venstre
1879,Lars Kramer Mikkelsen,1998-10-06,2003-10-06,Socialdemokratiet
1880,Anne-Marie Meldgaard,1991-10-01,2010-10-04,Socialdemokratiet
1881,Elisabeth Arnold,1988-10-04,2003-10-06,Radikale Venstre
1882,Henriette Kjær,1994-10-04,2010-10-04,Det Konservative Folkeparti
1883,Anne Grete Holmsgaard (udpeget af SF),1980-10-07,1986-06-30,Venstresocialisterne
1883,Anne Grete Holmsgaard (udpeget af SF),1986-07-01,1986-09-11,Uden for Folketingsgrupperne
1883,Anne Grete Holmsgaard (udpeget af SF),1986-09-12,2010-10-04,Socialistisk Folkeparti
1885,Inge Dahl-Sørensen,1988-10-04,2003-10-06,Venstre
1886,Jacob Buksti,1994-10-04,2003-10-06,Socialdemokratiet
1887,Connie Hedegaard,1984-10-02,2009-10-05,Det Konservative Folkeparti
1891,Thomas Adelskov,2000-09-01,2009-10-05,Socialdemokratiet
1911,Henning Gjellerod,1991-10-01,2004-07-07,Socialdemokratiet
1912,Ida Jørgensen,2004-07-15,2025-12-02,Radikale Venstre
1914,Jakob Jensen,2004-10-19,2025-12-02,Socialdemokratiet
1916,Christian Wedell-Neergaard,2004-07-20,2025-12-02,Det Konservative Folkeparti
1947,Søren Hansen,1980-10-07,2005-01-10,Socialdemokratiet
1948,Birgitte Møller,2005-01-13,2025-12-02,Radikale Venstre
1951,Flemming Møller (udpeget af V),2004-10-19,2010-10-04,Venstre
2103,Britta Schall Holberg,1984-10-02,2010-10-04,Venstre
2156,Gitte Seeberg,1994-10-04,2007-11-12,Det Konservative Folkeparti
2156,Gitte Seeberg,2007-11-13,2008-01-29,Ny Alliance
2156,Gitte Seeberg,2008-01-30,2025-12-02,Uden for Folketingsgrupperne
3082,Henrik Brodersen,2005-03-01,2018-10-01,Dansk Folkeparti
3084,Troels Christensen (udpeget af V),2007-11-13,2010-10-04,Venstre
3085,Kim Mortensen,2007-11-13,2010-10-04,Socialdemokratiet
3086,Johs. Poulsen,2006-11-04,2010-10-04,Radikale Venstre
3086,Johs. Poulsen,2010-10-05,2010-11-18,Radikale Venstre
3088,Bente Dahl,2007-11-13,2010-10-04,Radikale Venstre
3088,Bente Dahl,2010-10-05,2025-12-02,Radikale Venstre
3090,Tina Petersen,2005-02-08,2010-10-04,Dansk Folkeparti
3092,Vibeke Grave,2005-03-31,2010-10-04,Socialdemokratiet
3992,Bjørn Medom Nielsen,2006-01-01,2025-12-02,Socialdemokratiet
3993,Grethe H. Nielsen,2005-10-27,2025-12-02,Socialdemokratiet
3994,Jesper Kinch-Jensen,2006-01-17,2025-12-02,Socialdemokratiet
3995,Egil Møller,1998-10-06,2005-10-05,Dansk Folkeparti
3996,Henrik Fruergaard,2006-05-29,2025-12-02,Venstre
3997,Tina Bostrup,2005-12-12,2025-12-02,Radikale Venstre
3998,Thomas Krog,2006-01-10,2025-12-02,Socialistisk Folkeparti
4428,Jens Borking,2007-10-02,2025-12-02,Enhedslisten
4433,Jens Jørgen Nygaard,2007-05-08,2007-10-01,Det Konservative Folkeparti
4434,Abbas Razvi,2007-10-02,2021-12-05,Radikale Venstre
4434,Abbas Razvi,2021-12-06,2022-10-03,Radikale Venstre
4515,Jørgen S. Lundsgaard,2009-06-18,2010-10-04,Det Konservative Folkeparti
4956,Ib Poulsen,2007-11-13,2018-10-01,Dansk Folkeparti
4957,Tage Leegaard,2010-01-01,2010-10-04,Det Konservative Folkeparti
4965,Hanne Agersnap (udpeget af SF),2007-11-13,2010-11-18,Socialistisk Folkeparti
4968,Knud Kristensen,2007-11-13,2009-10-05,Det Konservative Folkeparti
4969,Jørgen Poulsen,2007-11-13,2008-06-23,Ny Alliance
4969,Jørgen Poulsen,2008-06-24,2008-08-12,Uden for Folketingsgrupperne
4969,Jørgen Poulsen,2008-08-13,2010-10-04,Radikale Venstre
4969,Jørgen Poulsen,2010-10-05,2025-12-02,Radikale Venstre
4971,Jane Alrø Sørensen,2008-04-13,2009-10-27,Socialistisk Folkeparti
5132,Flemming Bonne,2007-11-13,2009-10-05,Socialistisk Folkeparti
5182,Anne Marie Geisler Andersen,2009-09-01,2010-10-04,Radikale Venstre
5182,Anne Marie Geisler Andersen,2010-10-05,2018-11-25,Radikale Venstre
5468,Dorrit Knudsen,2006-10-03,2011-01-24,Socialdemokratiet
6684,Annita á Fríðriksmørk,2008-09-09,2008-10-06,Tjóðveldi
6685,Anders Broholm,2008-01-22,2008-10-30,Venstre
6686,Torben Lund,2008-01-10,2025-12-02,Socialistisk Folkeparti
6687,Kaj Leo Johannesen,2007-12-04,2025-12-02,Sambandsflokkurin
6688,Henrik Rasmussen,2007-11-29,2010-01-03,Det Konservative Folkeparti
6689,Juliane Henningsen Heilmann,2007-11-13,2010-10-04,Inuit Ataqatigiit
6701,Kenneth F. Christensen,2008-10-07,2025-12-02,Socialdemokratiet
6737,Johannes Lebech,2016-05-10,2025-12-02,Radikale Venstre
8910,Karin Storgaard,2008-10-29,2025-12-02,Dansk Folkeparti
8917,Thomas Horn,2008-10-29,2009-10-27,Socialdemokratiet
9780,Tórbjørn Jacobsen,2016-10-18,2025-12-02,Tjóðveldi
9976,Jette Gottlieb,1994-09-21,1995-10-02,Enhedslisten
9976,Jette Gottlieb,1995-10-03,2024-09-30,Enhedslisten
10107,Bruno Jerup,1994-09-21,1995-10-02,Enhedslisten
10107,Bruno Jerup,1995-10-03,2022-03-31,Enhedslisten
10690,Steen Konradsen,2010-02-11,2025-12-02,Det Konservative Folkeparti
10691,Kurt Scheelsbeck,2010-09-07,2010-10-04,Det Konservative Folkeparti
10702,Helle Dam,2009-10-29,2025-12-02,Socialdemokratiet
10704,Kasper Krüger,2010-06-10,2025-12-02,Venstre
10705,Bente Kronborg Holst,2009-10-28,2025-12-02,Dansk Folkeparti
10706,Jette Plesner Dali,2010-03-01,2025-12-02,Dansk Folkeparti
10707,Erikanell Asmuss Lorentsen,2010-04-06,2010-10-26,Radikale Venstre
10707,Erikanell Asmuss Lorentsen,2010-10-27,2025-12-02,Radikale Venstre
11412,Anna Kirsten Olesen,2010-10-27,2025-12-02,Socialdemokratiet
11583,Kenneth Kristensen Berth,2011-02-22,2018-10-01,Dansk Folkeparti
11584,Daniel Rugholm,2010-11-01,2014-11-10,Det Konservative Folkeparti
11585,Jens Arne Hedegaard,2010-10-27,2025-12-02,Venstre
11586,Bilal Inekci,2010-10-27,2025-12-02,Socialistisk Folkeparti
11702,Per Larsen,2022-11-01,2025-10-06,Det Konservative Folkeparti
12283,Aksel V. Johannesen,2012-04-20,2025-12-02,Javnaðarflokkurin
12284,Marie-Louise Andreassen,2011-10-27,2025-12-02,Radikale Venstre
12285,Ida Damborg,2011-10-27,2025-12-02,Socialistisk Folkeparti
13727,Sarah Nørris,2014-10-22,2025-12-02,Enhedslisten
13836,Helge Vagn Jacobsen,2014-11-03,2025-12-02,Radikale Venstre
13843,Bente Bendix,2014-11-07,2025-12-02,Venstre
14000,Nick Nielsen,2014-12-16,2025-12-02,Siumut
14372,Susanne Eilersen (udpeget af DF),2015-03-10,2022-10-03,Dansk Folkeparti
15757,Aaja Chemnitz,2022-11-01,2025-10-06,Inuit Ataqatigiit
15758,Aleqa Hammond,2015-06-18,2016-08-22,Siumut
15758,Aleqa Hammond,2016-08-23,2018-10-01,Uden for Folketingsgrupperne
15758,Aleqa Hammond,2018-10-02,2025-12-02,Nunatta Qitornai
15760,Lea Wermelin,2015-06-18,2023-10-02,Socialdemokratiet
15761,Karina Due,2015-06-18,2018-10-01,Dansk Folkeparti
15762,Christian Rabjerg Madsen,2015-06-18,2022-10-03,Socialdemokratiet
15763,Peter Kofod,2015-06-18,2023-10-10,Dansk Folkeparti
15764,Jan Rytkjær Callesen,2015-06-18,2018-10-01,Dansk Folkeparti
15765,Carl Holst,2015-06-18,2018-11-07,Venstre
15766,Erik Christensen (udpeget af S),2015-06-18,2018-10-01,Socialdemokratiet
15767,Pernille Bendixen,2015-06-18,2019-12-02,Dansk Folkeparti
15768,Pernille Schnoor,2015-06-18,2016-04-23,Socialdemokratiet
15768,Pernille Schnoor,2016-04-24,2018-10-01,Alternativet
15769,Maria Reumert Gjerding,2015-06-18,2017-10-02,Enhedslisten
15770,Mattias Tesfaye,2015-06-18,2025-10-06,Socialdemokratiet
15771,Morten Løkkegaard,2015-06-18,2015-10-05,Venstre
15772,Ulla Sandbæk,2015-06-18,2018-10-01,Alternativet
15773,Christina Egelund,2015-06-18,2018-10-01,Liberal Alliance
15774,Lise Bech,2015-06-18,2022-02-21,Dansk Folkeparti
15774,Lise Bech,2022-02-22,2022-08-17,Uden for Folketingsgrupperne
15774,Lise Bech,2022-08-18,2022-10-31,Danmarksdemokraterne
15774,Lise Bech,2022-11-01,2023-10-02,Danmarksdemokraterne
15775,Torsten Gejl,2015-06-18,2022-10-03,Alternativet
15776,Peter Hummelgaard,2015-06-18,2025-10-06,Socialdemokratiet
15777,Pelle Dragsted,2015-06-18,2022-10-31,Enhedslisten
15778,Carolina Magdalene Maier,2015-06-18,2018-10-01,Alternativet
15779,Carsten Bach,2015-06-18,2025-10-06,Liberal Alliance
15780,Tilde Bork,2015-06-18,2018-10-01,Dansk Folkeparti
15781,Claus Kvist Hansen,2015-06-18,2018-10-01,Dansk Folkeparti
15782,Britt Bager,2015-06-18,2021-03-23,Venstre
15782,Britt Bager,2021-03-24,2022-10-03,Det Konservative Folkeparti
15783,Josephine Fock,2015-06-18,2018-10-01,Alternativet
15784,Søren Pape Poulsen,2022-11-01,2023-10-02,Det Konservative Folkeparti
15785,Jakob Sølvhøj,2015-06-18,2022-10-03,Enhedslisten
15786,René Gade,2015-06-18,2018-10-01,Alternativet
15787,Kaare Dybvad Bek,2015-06-18,2025-10-06,Socialdemokratiet
15788,Jacob Mark,2015-06-18,2022-10-03,Socialistisk Folkeparti
15789,Jeppe Jakobsen,2015-06-18,2018-10-01,Dansk Folkeparti
15790,Marcus Knuth,2015-06-18,2019-11-28,Venstre
15790,Marcus Knuth,2019-11-29,2022-10-03,Det Konservative Folkeparti
15791,Eva Flyvholm,2015-06-18,2022-10-03,Enhedslisten
15792,Rasmus Nordqvist,2015-06-18,2020-03-09,Alternativet
15792,Rasmus Nordqvist,2020-03-10,2020-05-12,Uden for Folketingsgrupperne
15792,Rasmus Nordqvist,2020-05-13,2022-10-03,Socialistisk Folkeparti
15793,Mette Abildgaard,2015-06-18,2023-10-02,Det Konservative Folkeparti
15794,Trine Torp,2015-06-18,2022-10-03,Socialistisk Folkeparti
15795,May-Britt Kattrup,2015-06-18,2018-10-01,Liberal Alliance
15796,Jan Erik Messmann,2015-06-18,2018-10-01,Dansk Folkeparti
15797,Christian Poll,2015-06-18,2018-10-01,Alternativet
15798,Dorthe Ullemose,2015-06-18,2018-10-01,Dansk Folkeparti
15799,Roger Courage Matthisen,2015-06-18,2018-10-01,Alternativet
15800,Henrik Dahl,2022-11-01,2023-12-13,Liberal Alliance
15881,Magni Arge,2015-07-28,2018-10-01,Tjóðveldi
16072,Carsten Kudsk,2015-10-21,2019-10-29,Dansk Folkeparti
16073,Rasmus Vestergaard Madsen,2015-10-26,2020-12-31,Enhedslisten
16074,Steen Holm Iversen,2015-10-22,2025-12-02,Liberal Alliance
16092,Sisse Marie Welling,2015-10-26,2025-12-02,Socialistisk Folkeparti
16176,Nikolaj Amstrup,2015-11-03,2017-10-02,Alternativet
16180,Kasper Roug,2022-11-01,2025-10-06,Socialdemokratiet
16351,Malte Larsen,2015-11-12,2022-10-31,Socialdemokratiet
16374,Anders Johansson,2015-12-04,2018-10-01,Det Konservative Folkeparti
16428,Emrah Tuncer,2016-01-01,2025-12-02,Radikale Venstre
16473,Malou Lunderød,2016-02-01,2018-10-01,Socialdemokratiet
16503,Anne Paulin,2022-11-01,2025-10-06,Socialdemokratiet
16582,Peder Hvelplund,2016-03-29,2022-10-03,Enhedslisten
16603,Sarah Glerup,2016-04-04,2025-12-02,Enhedslisten
16610,Lars Aslan Rasmussen,2016-04-04,2022-10-03,Socialdemokratiet
16728,Kirsten Normann Andersen,2016-08-08,2023-10-02,Socialistisk Folkeparti
16757,Danny K. Malkowski,2016-10-01,2016-10-03,Liberal Alliance
16952,Helle Osther,2016-10-26,2025-12-02,Enhedslisten
17134,Jonathan Simmel,2022-08-12,2022-10-03,Enhedslisten
17140,Orla Østerby,2016-12-15,2020-12-03,Det Konservative Folkeparti
17140,Orla Østerby,2020-12-04,2022-10-03,Uden for Folketingsgrupperne
17141,Brigitte Klintskov Jerkel,2016-12-15,2023-11-23,Det Konservative Folkeparti
17247,Klaus Markussen,2017-03-20,2025-12-02,Venstre
17267,Kristian Hegaard,2017-04-18,2020-10-05,Radikale Venstre
17360,Merete Scheelsbeck,2017-05-02,2024-01-08,Det Konservative Folkeparti
17543,Marianne Bredal,2017-10-03,2025-12-02,Venstre
17628,Carl Valentin,2017-10-25,2026-02-06,Socialistisk Folkeparti
17629,Mads Fuglede,2022-11-01,2024-04-11,Venstre
17629,Mads Fuglede,2024-04-12,2025-10-06,Danmarksdemokraterne
17736,Per Nørhave,2017-12-01,2025-12-02,Dansk Folkeparti
17752,Anders Stjernholm,2017-11-28,2025-12-02,Alternativet
17827,Tina Boel,2018-02-19,2025-12-02,Socialistisk Folkeparti
17963,Øjvind Vilsholm,2018-04-09,2018-10-01,Enhedslisten
17988,Bjarni Hammer,2018-05-07,2025-12-02,Javnaðarflokkurin
17990,Tommy Ahlers,2019-06-05,2020-10-05,Venstre
18265,Carsten Kissmeyer,2018-10-02,2022-10-03,Venstre
18278,Serdal Benli,2018-09-30,2024-09-30,Socialistisk Folkeparti
18291,Erik Lund,2018-10-08,2025-12-02,Det Konservative Folkeparti
18415,Julius Graakjær Grantzau,2018-11-01,2025-12-02,Alternativet
18545,Henrik Old,2019-01-15,2025-12-02,Javnaðarflokkurin
18614,Rigmor Dam,2019-02-28,2025-12-02,Javnaðarflokkurin
18688,Aki-Matilda Høegh-Dam,2022-11-01,2025-02-07,Siumut
18688,Aki-Matilda Høegh-Dam,2025-02-08,2025-02-10,Uden for Folketingsgrupperne
18688,Aki-Matilda Høegh-Dam,2025-02-11,2025-11-14,Naleraq
18691,Sikandar Siddique,2019-06-05,2020-03-09,Alternativet
18691,Sikandar Siddique,2020-03-10,2021-11-02,Uden for Folketingsgrupperne
18691,Sikandar Siddique,2021-11-03,2022-10-03,Frie Grønne
18692,Susanne Zimmer,2019-06-05,2020-03-09,Alternativet
18692,Susanne Zimmer,2020-03-10,2021-11-02,Uden for Folketingsgrupperne
18692,Susanne Zimmer,2021-11-03,2022-10-03,Frie Grønne
18693,Mai Villadsen,2019-06-05,2025-10-06,Enhedslisten
18694,Victoria Velasquez,2019-06-05,2023-04-20,Enhedslisten
18695,Kim Valentin,2022-11-01,2025-10-06,Venstre
18696,Morten Dahlin,2019-06-05,2025-10-06,Venstre
18697,Stén Knuth,2019-06-05,2022-10-03,Venstre
18698,Marlene Ambo-Rasmussen,2019-06-05,2022-10-03,Venstre
18699,Christoffer Aagaard Melson,2022-11-01,2025-10-06,Venstre
18700,Heidi Bank,2019-06-05,2025-10-06,Venstre
18701,Marie Bjerre,2019-06-05,2025-10-06,Venstre
18702,Anne Honoré Østergaard,2019-06-05,2022-10-03,Venstre
18703,Alex Vanopslagh,2022-11-01,2025-10-06,Liberal Alliance
18704,Halime Oguz,2019-06-05,2025-10-06,Socialistisk Folkeparti
18705,Ina Strøjer-Schmidt,2019-06-05,2022-10-03,Socialistisk Folkeparti
18706,Anne Valentina Berthelsen,2022-11-01,2024-11-13,Socialistisk Folkeparti
18707,Astrid Carøe,2019-06-05,2025-10-06,Socialistisk Folkeparti
18708,Charlotte Broman Mølbæk,2019-06-05,2025-10-06,Socialistisk Folkeparti
18709,Signe Munk,2019-06-05,2025-10-06,Socialistisk Folkeparti
18710,Katarina Ammitzbøll,2019-06-05,2022-10-03,Det Konservative Folkeparti
18711,Birgitte Bergman,2019-06-05,2024-09-30,Det Konservative Folkeparti
18712,Niels Flemming Hansen,2022-11-01,2023-10-02,Det Konservative Folkeparti
18713,Mona Juul,2019-06-05,2025-10-06,Det Konservative Folkeparti
18714,Kasper Sand Kjær,2022-11-01,2023-10-02,Socialdemokratiet
18715,Henrik Møller,2022-11-01,2025-10-06,Socialdemokratiet
18716,Rasmus Stoklund,2019-06-05,2025-10-06,Socialdemokratiet
18717,Bjørn Brandenborg,2019-06-05,2025-11-02,Socialdemokratiet
18718,Anders Kronborg,2019-06-05,2025-10-06,Socialdemokratiet
18719,Birgitte Vind,2019-06-05,2025-10-06,Socialdemokratiet
18720,Camilla Fabricius,2019-06-05,2025-10-06,Socialdemokratiet
18721,Mette Thiesen,2019-06-05,2022-11-08,Nye Borgerlige
18721,Mette Thiesen,2022-11-09,2023-02-06,Uden for Folketingsgrupperne
18721,Mette Thiesen,2023-02-07,2025-10-06,Dansk Folkeparti
18722,Peter Seier Christensen,2022-11-01,2024-01-10,Nye Borgerlige
18722,Peter Seier Christensen,2024-01-11,2025-10-06,Uden for Folketingsgrupperne
18723,Pernille Vermund,2019-06-05,2024-01-10,Nye Borgerlige
18723,Pernille Vermund,2024-01-11,2024-01-17,Uden for Folketingsgrupperne
18723,Pernille Vermund,2024-01-18,2025-10-06,Liberal Alliance
18724,Lars Boje Mathiesen,2019-06-05,2023-03-09,Nye Borgerlige
18724,Lars Boje Mathiesen,2023-03-10,2025-01-16,Uden for Folketingsgrupperne
18724,Lars Boje Mathiesen,2025-01-17,2025-10-06,Borgernes Parti
18725,Samira Nawa,2019-06-05,2025-10-06,Radikale Venstre
18726,Stinus Lindgreen,2019-06-05,2025-10-06,Radikale Venstre
18727,Kathrine Olldag,2019-06-05,2022-10-03,Radikale Venstre
18728,Anne Sophie Callesen,2019-06-05,2022-10-03,Radikale Venstre
18729,Katrine Robsøe,2019-06-05,2025-10-06,Radikale Venstre
18736,Egil Hulgaard,2019-08-05,2020-10-05,Det Konservative Folkeparti
18830,Nils Sjøberg,2019-09-02,2019-09-30,Radikale Venstre
18882,Tanja Larsson,2019-10-01,2025-11-02,Socialdemokratiet
18917,Balder Mørk Andersen,2019-10-30,2025-12-02,Socialistisk Folkeparti
18953,Mira Issa Bloch,2019-10-22,2025-12-02,Alternativet
19000,Theresa Berg Andersen,2020-01-01,2025-10-06,Socialistisk Folkeparti
19002,Gitte Willumsen,2020-01-01,2021-12-20,Venstre
19002,Gitte Willumsen,2021-12-21,2022-10-03,Det Konservative Folkeparti
19016,Dorthe Hindborg,2020-01-06,2025-12-02,Socialdemokratiet
19133,Anders G. Christensen,2020-03-10,2025-12-02,Venstre
19142,Barbara Gaardlykke Apol,2020-03-17,2024-03-04,Javnaðarflokkurin
19146,Anna Brændemose,2020-03-10,2025-12-02,Socialistisk Folkeparti
19196,Ruben Kidde,2020-04-16,2020-10-05,Radikale Venstre
19221,Hanne Bjørn-Klausen,2020-05-12,2025-12-02,Det Konservative Folkeparti
19475,Susan Kronborg,2020-11-10,2022-10-03,Radikale Venstre
19480,Henrik Vinther,2020-11-17,2025-12-02,Radikale Venstre
19569,Maja Torp,2021-03-01,2022-10-03,Venstre
19637,Kenneth Mikkelsen,2021-04-01,2022-10-03,Venstre
19684,Mads Andersen,2021-04-13,2025-12-02,Det Konservative Folkeparti
19748,Stine Pilt Olsen,2021-05-20,2025-12-02,Det Konservative Folkeparti
19806,Alexander Grandt,2021-09-16,2022-01-01,Socialdemokratiet
19807,Anne Rasmussen,2021-08-12,2022-10-03,Venstre
19809,Christina Thorholm,2021-08-31,2022-10-03,Radikale Venstre
19919,Brian Bressendorff,2021-10-07,2025-12-02,Socialdemokratiet
19920,Karsten Filsø,2021-10-07,2024-12-12,Socialistisk Folkeparti
19928,Kim Aas,2022-11-01,2025-10-06,Socialdemokratiet
19948,Mark Grossmann,2021-10-14,2025-12-02,Venstre
19982,Jan Bjergskov Larsen,2021-11-23,2025-12-02,Socialistisk Folkeparti
19996,Helgi Abrahamsen,2021-12-07,2025-12-02,Sambandsflokkurin
20051,Theis Kylling Hommeltoft,2022-01-20,2024-01-21,Socialdemokratiet
20144,Maria Gudme,2022-05-10,2022-10-03,Socialdemokratiet
20349,Anna Falkenberg,2022-11-01,2025-10-06,Sambandsflokkurin
20350,Nick Zimmermann,2022-11-01,2025-10-06,Dansk Folkeparti
20351,Franciska Rosenkilde,2022-11-01,2025-10-06,Alternativet
20352,Helene Brydensholt,2022-11-01,2025-10-06,Alternativet
20353,Sascha Faxe,2022-11-01,2025-10-06,Alternativet
20354,Theresa Scavenius,2022-11-01,2023-09-17,Alternativet
20354,Theresa Scavenius,2023-09-18,2025-10-06,Uden for Folketingsgrupperne
20355,Kim Edberg Andersen,2022-11-01,2024-01-15,Nye Borgerlige
20355,Kim Edberg Andersen,2024-01-16,2024-03-18,Uden for Folketingsgrupperne
20355,Kim Edberg Andersen,2024-03-19,2025-10-06,Danmarksdemokraterne
20356,Mikkel Bjørn,2022-11-01,2023-01-23,Nye Borgerlige
20356,Mikkel Bjørn,2023-01-24,2025-10-06,Dansk Folkeparti
20357,Lise Bertelsen,2022-11-01,2025-10-06,Det Konservative Folkeparti
20358,Marianne Bigum,2022-11-01,2025-10-06,Socialistisk Folkeparti
20359,Sigurd Agersnap,2022-11-01,2025-10-06,Socialistisk Folkeparti
20360,Sofie Lippert,2022-11-01,2025-10-06,Socialistisk Folkeparti
20361,Fie Hækkerup,2022-11-01,2025-02-26,Socialdemokratiet
20362,Thomas Monberg,2022-11-01,2025-10-06,Socialdemokratiet
20363,Sara Emil Baaring,2022-11-01,2025-10-06,Socialdemokratiet
20364,Frederik Vad,2022-11-01,2025-10-06,Socialdemokratiet
20365,Matilde Powers,2022-11-01,2025-10-06,Socialdemokratiet
20366,Thomas Skriver Jensen,2022-11-01,2025-10-06,Socialdemokratiet
20367,Kris Jensen Skriver,2022-11-01,2025-10-06,Socialdemokratiet
20368,Maria Durhuus,2022-11-01,2025-10-06,Socialdemokratiet
20369,Helle Bonnesen,2022-11-01,2025-10-06,Det Konservative Folkeparti
20370,Christina Olumeko,2022-11-01,2025-10-06,Alternativet
20371,Linea Søgaard-Lidell,2022-11-01,2025-10-06,Venstre
20372,Betina Kastbjerg,2022-11-01,2025-10-06,Danmarksdemokraterne
20373,Susie Jessen,2022-11-01,2025-10-06,Danmarksdemokraterne
20374,Kenneth Fredslund Petersen,2022-11-01,2025-10-06,Danmarksdemokraterne
20375,Charlotte Munch,2022-11-01,2025-10-06,Danmarksdemokraterne
20376,Kristian Bøgsted,2022-11-01,2025-10-06,Danmarksdemokraterne
20377,Henrik Frandsen,2022-11-01,2025-10-06,Moderaterne
20378,Rosa Eriksen,2022-11-01,2025-10-06,Moderaterne
20379,Tobias Grotkjær Elmstrøm,2022-11-01,2024-09-30,Moderaterne
20380,Monika Rubin,2022-11-01,2024-09-30,Moderaterne
20381,Karin Liltorp,2022-11-01,2025-02-23,Moderaterne
20381,Karin Liltorp,2025-02-24,2025-03-03,Uden for Folketingsgrupperne
20381,Karin Liltorp,2025-03-04,2025-10-06,Alternativet
20382,Mette Kierkgaard,2022-11-01,2025-10-06,Moderaterne
20383,Jeppe Søe,2022-11-01,2024-09-05,Moderaterne
20383,Jeppe Søe,2024-09-06,2025-10-06,Uden for Folketingsgrupperne
20384,Nanna W. Gotfredsen,2022-11-01,2025-10-06,Moderaterne
20385,Charlotte Bagge Hansen,2022-11-01,2025-10-06,Moderaterne
20386,Rasmus Lund-Nielsen,2022-11-01,2025-10-06,Moderaterne
20387,Kristian Klarskov,2022-11-01,2025-12-02,Moderaterne
20388,Jon Stephensen,2022-11-01,2023-08-23,Moderaterne
20388,Jon Stephensen,2023-08-24,2025-10-06,Uden for Folketingsgrupperne
20389,Peter Have,2022-11-01,2025-10-06,Moderaterne
20390,Mike Villa Fonseca,2022-11-01,2023-11-17,Moderaterne
20390,Mike Villa Fonseca,2023-11-18,2025-10-06,Uden for Folketingsgrupperne
20391,Sólbjørg Jakobsen,2022-11-01,2025-10-06,Liberal Alliance
20392,Lars-Christian Brask,2022-11-01,2025-10-06,Liberal Alliance
20393,Katrine Daugaard,2022-11-01,2025-10-06,Liberal Alliance
20394,Steffen W. Frølund,2022-11-01,2025-10-06,Liberal Alliance
20395,Alexander Ryle,2022-11-01,2025-10-06,Liberal Alliance
20396,Jens Meilvang,2022-11-01,2025-10-06,Liberal Alliance
20397,Steffen Larsen,2022-11-01,2025-10-06,Liberal Alliance
20398,Helena Artmann Andresen,2022-11-01,2025-10-06,Liberal Alliance
20399,Louise Brown,2022-11-01,2025-10-06,Liberal Alliance
20400,Sandra Elisabeth Skalvig,2022-11-01,2025-10-06,Liberal Alliance
20411,Leila Stockmarr,2022-11-22,2025-10-06,Enhedslisten
20415,Mohammad Rona,2022-11-24,2025-10-06,Moderaterne
20496,Henrik Rejnholt Andersen,2023-01-19,2025-10-06,Moderaterne
20527,Nanna Høyrup,2023-05-01,2025-12-02,Alternativet
20539,Noah Sturis,2023-03-28,2025-12-02,Alternativet
20559,Reza Javid,2023-03-28,2025-12-02,Enhedslisten
20580,Lean Milo,2023-04-27,2023-08-17,Moderaterne
20580,Lean Milo,2023-08-18,2025-12-02,Uden for Folketingsgrupperne
20599,Søren Rasmussen,2023-08-10,2023-10-02,Dansk Folkeparti
20629,Nikoline Erbs Hillers-Bendtsen,2023-09-07,2024-12-17,Alternativet
20635,Markus E. Olsen,2023-09-22,2023-10-02,Siumut
20642,Anne Hegelund,2023-09-07,2023-10-02,Enhedslisten
20747,Jenny Andresen,2023-11-01,2025-12-02,Danmarksdemokraterne
20767,Andreas Karlsen,2023-11-01,2025-12-02,Det Konservative Folkeparti
20779,Runa Friis Hansen,2023-11-07,2025-12-02,Enhedslisten
20781,Gunvor Wibroe,2023-11-02,2025-10-06,Socialdemokratiet
20790,Ken Kristensen,2023-11-20,2025-05-25,Venstre
20798,Mads Olsen,2023-11-30,2025-10-06,Socialistisk Folkeparti
20805,Jan Carlsen,2023-11-23,2025-12-02,Moderaterne
20820,Carl Andersen,2023-12-07,2025-10-06,Liberal Alliance
20823,Morten Vehl,2023-12-12,2025-12-02,Danmarksdemokraterne
20841,Lars Arne Christensen,2024-02-01,2025-12-02,Moderaterne
20916,Kenneth Bjerg Andersen,2024-02-20,2025-12-02,Moderaterne
20917,Tina Cartey Hansen,2024-02-20,2025-10-06,Det Konservative Folkeparti
20925,Dina Raabjerg,2024-03-03,2025-10-06,Det Konservative Folkeparti
20930,Louise Mehnke,2024-03-19,2025-10-06,Socialdemokratiet
20941,Preben Friis-Hauge,2024-04-04,2025-12-02,Venstre
20962,Claus Jørgensen,2024-05-28,2025-10-06,Socialistisk Folkeparti
20966,Frederik Bloch Münster,2024-06-26,2025-10-06,Det Konservative Folkeparti
21044,Lasse Haugaard Pedersen,2024-10-10,2025-10-06,Socialdemokratiet
21075,Michael Rosenmark,2024-10-30,2025-12-02,Danmarksdemokraterne
21076,Charlotte Nellemann,2024-10-30,2025-12-02,Liberal Alliance
21083,Thorkild Holmboe-Hay,2024-11-04,2025-10-06,Socialdemokratiet
21143,Morten Klessen,2025-02-28,2025-10-06,Socialdemokratiet
21159,Ammar Ali,2025-04-22,2025-10-06,Moderaterne
21161,Lisa Perkins,2025-04-24,2025-12-02,Liberal Alliance
21168,Erik Veje Rasmussen,2025-07-01,2025-10-06,Venstre
21186,Mads Madsen Henriksen,2025-09-04,2025-10-06,Socialdemokratiet
21194,Joachim Hoffmann-Petersen,2025-09-09,2025-10-06,Det Konservative Folkeparti
21206,Elvira Kûitse,2025-09-19,2025-10-06,Naleraq
