Node,In Degree,Out Degree,Degree Centrality,Betweenness Centrality,Eigenvector Centrality,Avg Neighbour Degree,Content Length
10 Years (band),7,10,0.03696,0.00089,0.01243,23.9,4501
Disturbed (band),20,33,0.11522,0.00462,0.03755,23.78787878787879,11700
Breaking Benjamin,21,33,0.11739,0.00648,0.02216,22.303030303030305,16494
Mudvayne,7,15,0.04783,0.00038,0.01956,33.333333333333336,7843
Korn,38,34,0.15652,0.00876,0.08627,26.205882352941178,30035
Deftones,34,20,0.11739,0.00388,0.04777,29.95,20883
Stone Temple Pilots,24,18,0.0913,0.00298,0.03475,27.555555555555557,10354
Thousand Foot Krutch,4,9,0.02826,0.00018,0.00197,19.77777777777778,7088
Linkin Park,31,35,0.14348,0.0096,0.04505,24.457142857142856,38842
Shinedown,20,18,0.08261,0.00207,0.01309,21.72222222222222,12756
Puddle of Mudd,11,24,0.07609,0.00224,0.00968,24.166666666666668,8662
10cc,3,21,0.05217,0.0016,0.00768,17.38095238095238,10990
The Yardbirds,9,14,0.05,0.00121,0.02212,15.571428571428571,9014
Simon & Garfunkel,10,7,0.03696,0.0004,0.01522,15.285714285714286,13052
The Hollies,3,7,0.02174,0.00048,0.00105,17.571428571428573,6512
Herman's Hermits,9,2,0.02391,0.00033,0.01878,20.5,6536
Frank Zappa,32,19,0.11087,0.01053,0.05834,25.526315789473685,34410
Queen (band),87,45,0.28696,0.04117,0.18333,26.977777777777778,46005
Roxy Music,24,22,0.1,0.00643,0.03068,18.90909090909091,9671
George Harrison,37,23,0.13043,0.00538,0.0696,18.956521739130434,26889
Asia (band),6,15,0.04565,0.0011,0.00608,20.6,9621
The Police,11,11,0.04783,0.00142,0.01083,24.363636363636363,12907
Duran Duran,16,27,0.09348,0.00895,0.02315,20.962962962962962,20132
Peter Gabriel,20,14,0.07391,0.00586,0.0271,17.5,20397
The Clash,8,15,0.05,0.00246,0.00504,18.533333333333335,15516
Jethro Tull (band),16,19,0.07609,0.00284,0.05195,25.94736842105263,12530
Ramones,39,32,0.15435,0.01631,0.07476,22.71875,18881
Paul McCartney,67,28,0.20652,0.01529,0.14149,19.821428571428573,42493
Ringo Starr,35,17,0.11304,0.00499,0.05583,21.0,24256
ABBA,12,9,0.04565,0.00056,0.02746,21.22222222222222,24600
Steely Dan,12,10,0.04783,0.00232,0.00861,17.1,10284
Toto (band),14,17,0.06739,0.00472,0.01463,18.647058823529413,11136
Electric Light Orchestra,13,12,0.05435,0.00085,0.02826,24.0,9525
3 Doors Down,14,12,0.05652,0.00181,0.00823,23.083333333333332,7636
Rush (band),38,47,0.18478,0.01554,0.08502,24.74468085106383,26774
Lynyrd Skynyrd,18,12,0.06522,0.00409,0.02508,19.333333333333332,9361
Nickelback,24,29,0.11522,0.01136,0.02763,20.689655172413794,13251
Bob Seger,20,16,0.07826,0.00463,0.03086,18.375,8003
ZZ Top,24,8,0.06957,0.00207,0.03798,19.75,10239
Daughtry (band),7,21,0.06087,0.0019,0.00715,15.238095238095237,8212
Alter Bridge,12,21,0.07174,0.0051,0.02864,20.523809523809526,12441
Staind,20,31,0.11087,0.00314,0.04026,25.677419354838708,7461
Hinder,8,27,0.07609,0.0036,0.01524,23.37037037037037,6472
Kiss (band),71,23,0.20435,0.01205,0.16246,30.0,27857
311 (band),9,18,0.0587,0.00273,0.01585,20.333333333333332,8909
Yes (band),33,25,0.12609,0.01047,0.06874,15.72,21456
"Emerson, Lake & Palmer",13,6,0.0413,0.00074,0.02872,27.833333333333332,10615
The Cure,13,17,0.06522,0.00318,0.01932,22.058823529411764,16594
Papa Roach,21,34,0.11957,0.00942,0.03507,24.88235294117647,17077
The Offspring,14,22,0.07826,0.00428,0.01283,21.90909090909091,17493
Incubus (band),23,22,0.09783,0.00369,0.03953,23.90909090909091,11336
Pink Floyd,63,10,0.1587,0.00563,0.12032,25.3,30616
The Rolling Stones,45,28,0.1587,0.01626,0.0623,21.357142857142858,43917
John Lennon,68,14,0.17826,0.00581,0.14173,21.928571428571427,30497
Billy Joel,23,19,0.0913,0.00396,0.03796,16.63157894736842,28698
Sublime with Rome,3,6,0.01957,0.00011,0.00127,18.5,5789
Red Hot Chili Peppers,50,34,0.18261,0.02024,0.09968,25.705882352941178,24239
Led Zeppelin,115,29,0.31304,0.03397,0.22458,25.93103448275862,21747
Jane's Addiction,27,27,0.11739,0.0074,0.05838,21.85185185185185,14166
Faith No More,29,23,0.11304,0.00594,0.06412,27.043478260869566,15993
38 Special (band),8,13,0.04565,0.00151,0.00651,16.307692307692307,4537
Journey (band),33,23,0.12174,0.01529,0.04118,21.26086956521739,13716
Peter Frampton,19,18,0.08043,0.00311,0.02991,16.27777777777778,9570
Survivor (band),4,5,0.01957,0.00043,0.00645,26.2,7103
Bryan Adams,17,51,0.14783,0.01123,0.01364,20.686274509803923,39124
Huey Lewis and the News,3,3,0.01304,8e-05,0.00124,27.0,5707
Bon Jovi,25,12,0.08043,0.00299,0.05004,18.416666666666668,14778
Jefferson Starship,5,6,0.02391,0.0009,0.00698,10.166666666666666,10321
Ted Nugent,23,20,0.09348,0.00749,0.06266,21.35,18236
REO Speedwagon,17,12,0.06304,0.00302,0.01409,17.166666666666668,5881
Styx (band),19,8,0.0587,0.0013,0.02073,19.875,8856
A Perfect Circle,10,18,0.06087,0.00078,0.01242,27.555555555555557,14221
Tool (band),25,27,0.11304,0.00443,0.05894,26.814814814814813,20965
Nine Inch Nails,43,35,0.16957,0.01384,0.08968,21.771428571428572,37539
Primus (band),17,25,0.0913,0.00374,0.05023,28.0,14406
Guns N' Roses,61,51,0.24348,0.03434,0.14622,25.176470588235293,60837
Queens of the Stone Age,15,20,0.07609,0.00525,0.02856,20.75,14162
Marilyn Manson (band),20,33,0.11522,0.00439,0.0434,25.242424242424242,46040
The Smashing Pumpkins,16,44,0.13043,0.00565,0.01311,23.454545454545453,21745
System of a Down,25,28,0.11522,0.00429,0.05776,28.142857142857142,18618
Rage Against the Machine,33,24,0.12391,0.00622,0.07546,25.666666666666668,22099
Weezer,23,28,0.11087,0.01267,0.02084,21.0,26887
Foo Fighters,49,18,0.14565,0.01164,0.08812,22.555555555555557,19686
Adam Ant,5,12,0.03696,0.00056,0.00735,19.833333333333332,15358
Ozzy Osbourne,56,26,0.17826,0.00897,0.14477,27.96153846153846,33720
The Beatles,61,21,0.17826,0.01069,0.11394,18.523809523809526,36283
Genesis (band),28,16,0.09565,0.00817,0.05644,20.0625,25093
Scorpions (band),23,14,0.08043,0.00157,0.07152,32.285714285714285,10759
U2,72,14,0.18696,0.00918,0.10911,19.857142857142858,43053
Robert Plant,29,13,0.0913,0.00353,0.07371,24.692307692307693,14711
Iron Maiden,55,22,0.16739,0.00811,0.13606,33.54545454545455,27673
Bee Gees,18,17,0.07609,0.00358,0.03866,17.529411764705884,23428
AC/DC,41,29,0.15217,0.00801,0.08126,28.724137931034484,29715
The Velvet Underground,10,11,0.04565,0.00118,0.01564,19.636363636363637,15145
Chuck Berry,44,15,0.12826,0.00688,0.09195,21.933333333333334,12903
Lou Reed,32,12,0.09565,0.00884,0.05857,23.25,16411
Deep Purple,51,71,0.26522,0.04583,0.12181,23.56338028169014,22628
Black Sabbath,74,61,0.29348,0.03465,0.20047,24.360655737704917,30400
Aerosmith,47,38,0.18478,0.02191,0.12281,20.973684210526315,30904
Blue Öyster Cult,11,26,0.08043,0.00255,0.0209,26.846153846153847,10735
Cheap Trick,30,10,0.08696,0.00381,0.05751,20.0,7171
Slade,13,33,0.1,0.00677,0.03289,23.393939393939394,20696
Dio (band),18,13,0.06739,0.00212,0.046,27.46153846153846,4972
Thin Lizzy,24,36,0.13043,0.01304,0.07387,28.833333333333332,14436
Alice Cooper,58,40,0.21304,0.02545,0.11108,23.325,28435
Audioslave,11,12,0.05,0.00087,0.02676,30.083333333333332,13520
Def Leppard,39,51,0.19565,0.02329,0.08001,23.529411764705884,16536
Judas Priest,45,34,0.17174,0.00664,0.12777,28.88235294117647,22735
Metallica,85,47,0.28696,0.02662,0.18847,28.0,34817
Slayer,40,34,0.16087,0.00468,0.10283,30.323529411764707,26620
Elton John,66,24,0.19565,0.02086,0.13153,24.0,41384
Accept (band),17,18,0.07609,0.00093,0.05885,30.833333333333332,7451
W.A.S.P. (band),13,12,0.05435,0.00129,0.03928,29.75,6285
Damn Yankees (band),4,5,0.01957,0.0001,0.00717,19.2,2509
Megadeth,34,42,0.16522,0.00569,0.10918,29.285714285714285,30434
Motörhead,24,23,0.10217,0.00476,0.08241,29.565217391304348,21636
Stone Sour,11,12,0.05,0.00093,0.02762,22.083333333333332,6869
Pantera,39,41,0.17391,0.00606,0.09155,26.73170731707317,16655
Anthrax (American band),34,34,0.14783,0.00606,0.10273,31.176470588235293,14855
Mötley Crüe,44,33,0.16739,0.01269,0.11651,26.363636363636363,30828
Alice in Chains,50,72,0.26522,0.03632,0.12319,24.59722222222222,33098
Soundgarden,46,24,0.15217,0.00714,0.10266,28.666666666666668,20775
Sex Pistols,50,18,0.14783,0.01035,0.09849,23.833333333333332,19066
T. Rex (band),22,12,0.07391,0.00484,0.03781,17.5,10314
Iggy Pop,26,19,0.09783,0.00523,0.053,23.0,17438
Rod Stewart,32,22,0.11739,0.0088,0.05165,22.272727272727273,21480
Stevie Nicks,21,18,0.08478,0.00541,0.02589,17.944444444444443,22989
Morrissey,15,20,0.07609,0.00539,0.01863,19.35,30949
Oasis (band),29,15,0.09565,0.00756,0.03348,19.2,20724
Gene Vincent,6,9,0.03261,0.00344,0.01049,21.11111111111111,7149
Eddie Cochran,15,20,0.07609,0.00397,0.02798,18.2,7470
Run-DMC,12,12,0.05217,0.00156,0.02574,23.416666666666668,8999
Harry Nilsson,13,12,0.05435,0.0025,0.02597,16.666666666666668,8720
Nirvana (band),72,16,0.1913,0.01057,0.13898,28.25,15468
Kid Rock,16,16,0.06957,0.00375,0.03183,22.8125,18057
Train (band),5,18,0.05,0.00507,0.00609,15.777777777777779,11952
Limp Bizkit,25,38,0.13696,0.00555,0.06205,24.13157894736842,30754
Lenny Kravitz,11,15,0.05652,0.00157,0.02417,23.2,13002
Joan Jett,10,14,0.05217,0.00141,0.02287,23.285714285714285,11575
Pearl Jam,58,23,0.17609,0.01594,0.10049,25.956521739130434,21443
The Black Crowes,2,10,0.02609,0.0003,0.00564,25.7,6157
New York Dolls,19,32,0.11087,0.00742,0.04212,24.6875,10716
Van Halen,51,20,0.15435,0.01277,0.11827,22.2,17675
Ratt,18,17,0.07609,0.00219,0.04838,28.235294117647058,7465
Tesla (band),7,6,0.02826,0.00024,0.01166,31.5,4732
Cinderella (band),6,13,0.0413,0.00063,0.02053,17.846153846153847,3988
Skid Row (American band),21,14,0.07609,0.00272,0.06539,25.214285714285715,8627
Extreme (band),8,5,0.02826,0.00019,0.02776,24.2,3988
Warrant (American band),6,11,0.03696,0.00029,0.01125,30.727272727272727,4870
Velvet Revolver,12,21,0.07174,0.002,0.03182,23.047619047619047,10076
Radiohead,33,23,0.12174,0.01161,0.04866,17.91304347826087,34134
Godsmack,21,12,0.07174,0.00134,0.05246,41.083333333333336,14216
Heart (band),18,23,0.08913,0.00412,0.03845,27.217391304347824,13023
Boston (band),7,11,0.03913,0.00032,0.02036,24.0,8386
AFI (band),8,13,0.04565,0.00056,0.00616,24.923076923076923,9793
David Bowie,84,21,0.22826,0.01444,0.15695,18.333333333333332,42562
Green Day,44,22,0.14348,0.0152,0.03798,19.818181818181817,34916
My Chemical Romance,19,30,0.10652,0.00814,0.02031,23.333333333333332,28765
Joy Division,22,9,0.06739,0.00139,0.04386,19.88888888888889,8975
Echo & the Bunnymen,11,3,0.03043,0.00072,0.01098,18.0,7551
Panic! at the Disco,16,10,0.05652,0.00392,0.01846,20.8,22183
Air Supply,3,3,0.01304,7e-05,0.00064,18.0,8083
Chicago (band),9,20,0.06304,0.004,0.00883,20.2,37665
Cold Chisel,6,12,0.03913,0.00168,0.00588,23.416666666666668,11591
Alanis Morissette,13,15,0.06087,0.00598,0.01678,18.666666666666668,18703
Avril Lavigne,13,31,0.09565,0.01012,0.01792,19.29032258064516,38582
Dave Matthews Band,8,9,0.03696,0.00293,0.01073,14.777777777777779,12521
Barenaked Ladies,6,12,0.03913,0.0018,0.00566,20.75,12858
Matchbox Twenty,6,3,0.01957,0.00032,0.00242,8.666666666666666,5925
No Doubt,15,12,0.0587,0.00332,0.0162,22.916666666666668,10957
Garbage (band),10,14,0.05217,0.00119,0.01177,19.571428571428573,16564
Neil Young,49,32,0.17609,0.02288,0.08811,19.46875,28665
Alice Cooper (band),3,22,0.05435,0.00045,0.00789,22.772727272727273,6278
Manfred Mann,9,5,0.03043,0.0011,0.00881,12.4,4172
White Zombie (band),14,15,0.06304,0.00107,0.04347,30.4,4518
Elvis Presley,68,7,0.16304,0.0026,0.13679,18.857142857142858,34332
The Who,23,34,0.12391,0.01062,0.02322,20.441176470588236,29479
The Doors,17,13,0.06522,0.00327,0.02067,13.23076923076923,15689
The Beach Boys,12,20,0.06957,0.00569,0.00994,15.95,37803
Donovan,11,19,0.06522,0.00239,0.01661,21.736842105263158,11810
Twisted Sister,10,21,0.06739,0.00062,0.02051,30.476190476190474,7149
Marilyn Manson,15,16,0.06739,0.0026,0.03627,27.9375,36479
Rob Zombie,18,21,0.08478,0.00337,0.04804,29.047619047619047,20242
Jackson Browne,13,17,0.06522,0.0047,0.01819,18.764705882352942,8264
Theory of a Deadman,12,12,0.05217,0.00202,0.02056,22.916666666666668,6200
Edgar Winter,4,4,0.01739,0.00021,0.00519,35.25,5924
Filter (band),13,12,0.05435,0.00173,0.02207,26.25,7994
Midnight Oil,8,28,0.07826,0.00659,0.0057,19.142857142857142,17548
Bob Dylan,91,30,0.26304,0.02671,0.14095,19.7,44112
The Flaming Lips,8,9,0.03696,0.00222,0.01316,19.0,11544
Stevie Ray Vaughan,10,16,0.05652,0.00328,0.03513,22.6875,16532
Linda Ronstadt,15,24,0.08478,0.00382,0.02281,17.583333333333332,29775
Don Henley,15,19,0.07391,0.00225,0.02398,17.94736842105263,10821
Chris Cornell,17,30,0.10217,0.00707,0.04058,26.633333333333333,34978
Queensrÿche,12,25,0.08043,0.00192,0.03198,28.04,12457
The Cult,7,23,0.06522,0.00078,0.01821,26.0,14841
Lamb of God (band),11,13,0.05217,0.00017,0.03834,36.84615384615385,16510
Avenged Sevenfold,26,36,0.13478,0.00846,0.06256,29.13888888888889,16489
Funkadelic,6,5,0.02391,0.00174,0.01307,11.4,2789
Jimi Hendrix,75,32,0.23261,0.03463,0.14432,23.65625,29058
Eddie Money,3,5,0.01739,0.00024,0.00562,15.6,5613
Pixies (band),18,31,0.10652,0.00864,0.03817,20.483870967741936,15586
Three Days Grace,18,23,0.08913,0.00324,0.01872,19.652173913043477,20198
Bush (British band),11,26,0.08043,0.00379,0.01559,24.653846153846153,7182
Creed (band),16,15,0.06739,0.00417,0.02676,24.466666666666665,12351
Days of the New,2,9,0.02391,0.00021,0.00642,28.666666666666668,5864
Hoobastank,5,5,0.02174,0.00018,0.00775,23.2,4577
Seether,15,16,0.06739,0.00093,0.01656,26.5,7240
Fuel (band),8,8,0.03478,0.00061,0.00293,16.5,5630
Lacuna Coil,10,13,0.05,0.00033,0.02157,30.307692307692307,7060
Black Stone Cherry,4,11,0.03261,0.00436,0.0065,21.181818181818183,3047
Halestorm,20,9,0.06304,0.00115,0.02822,30.0,6154
Volbeat,10,18,0.06087,0.00084,0.02589,27.61111111111111,6320
Ambrosia (band),1,9,0.02174,0.00054,6e-05,13.222222222222221,4908
The Alan Parsons Project,3,3,0.01304,0.0024,0.00148,8.666666666666666,3447
Fleetwood Mac,31,21,0.11304,0.0155,0.03438,18.095238095238095,20154
Kenny Loggins,9,3,0.02609,0.00104,0.00307,20.666666666666668,7229
Eagles (band),28,16,0.09565,0.00665,0.04319,22.8125,16781
America (band),6,16,0.04783,0.00188,0.00187,16.6875,8389
"Crosby, Stills, Nash & Young",10,12,0.04783,0.00268,0.01622,17.25,15600
The Mamas & the Papas,2,4,0.01304,9e-05,0.00133,20.75,8357
Christopher Cross,4,8,0.02609,0.00055,0.00119,20.75,6222
Three Dog Night,5,4,0.01957,0.00138,0.00341,15.75,5945
Gin Blossoms,5,4,0.01957,0.00028,0.00071,18.0,4778
Living Colour,10,5,0.03261,0.00034,0.03022,27.2,5724
Evanescence,14,23,0.08043,0.00317,0.02379,25.17391304347826,29448
Slipknot (band),31,29,0.13043,0.00368,0.07737,29.448275862068964,23550
Killswitch Engage,14,21,0.07609,0.00159,0.02181,25.523809523809526,15139
Sepultura,19,31,0.1087,0.00116,0.06277,32.61290322580645,14939
April Wine,2,22,0.05217,0.0019,0.00274,20.5,5867
The Guess Who,3,2,0.01087,2e-05,0.0004,12.5,7620
Badfinger,6,13,0.0413,0.00047,0.00901,17.692307692307693,14640
Bachman–Turner Overdrive,4,16,0.04348,0.0027,0.00375,23.6875,10640
Loverboy,5,12,0.03696,0.00096,0.00319,20.916666666666668,3643
Uriah Heep (band),15,19,0.07391,0.00291,0.0249,28.63157894736842,10850
Foreigner (band),21,19,0.08696,0.00466,0.01815,21.789473684210527,12201
Meat Loaf,8,13,0.04565,0.00185,0.00792,20.384615384615383,19749
Arcade Fire,11,7,0.03913,0.00062,0.01209,17.428571428571427,17102
Bruce Springsteen,62,15,0.16739,0.01519,0.08142,16.2,34013
Beck,20,26,0.1,0.0135,0.03286,17.53846153846154,19341
Arctic Monkeys,13,21,0.07391,0.00864,0.00691,23.952380952380953,26258
Cream (band),34,10,0.09565,0.00266,0.0642,24.0,6619
Elvis Costello,34,28,0.13478,0.01024,0.05087,18.571428571428573,28764
Royal Blood (band),1,7,0.01739,2e-05,0.00029,20.428571428571427,5413
Bring Me the Horizon,6,16,0.04783,0.0014,0.00484,23.1875,32142
Sam Fender,1,23,0.05217,0.00052,0.00029,19.391304347826086,27990
Manfred Mann's Earth Band,8,14,0.04783,0.00427,0.01181,16.785714285714285,6675
James Blunt,3,2,0.01087,6e-05,0.00534,20.0,11819
Bullet for My Valentine,11,28,0.08478,0.00114,0.03347,29.964285714285715,19922
Black Veil Brides,4,25,0.06304,0.00072,0.00511,26.12,14953
Cage the Elephant,3,17,0.04348,0.00287,0.00304,21.823529411764707,9977
Five Finger Death Punch,15,21,0.07826,0.00117,0.02775,25.428571428571427,16883
Chevelle (band),11,12,0.05,0.00066,0.01326,21.083333333333332,16078
Trivium (band),15,30,0.09783,0.0034,0.04714,29.333333333333332,14353
Our Lady Peace,6,18,0.05217,0.00099,0.00278,21.666666666666668,9569
Goo Goo Dolls,7,2,0.01957,0.00042,0.00219,13.5,8140
Boys Like Girls,5,11,0.03478,0.00056,0.00147,14.272727272727273,9658
Billy Idol,11,16,0.0587,0.00693,0.01201,22.9375,11822
Simple Plan,7,13,0.04348,0.00059,0.00362,21.846153846153847,10167
Blink-182,22,20,0.0913,0.00607,0.02807,23.8,22658
Sum 41,14,32,0.1,0.00825,0.02196,25.5625,32764
Janis Joplin,13,11,0.05217,0.00453,0.03029,12.363636363636363,22524
Hole (band),11,16,0.0587,0.00143,0.01561,23.375,16739
Coldplay,23,25,0.10435,0.00585,0.01787,17.08,46972
Third Eye Blind,6,11,0.03696,0.00288,0.00648,21.545454545454547,13851
Dashboard Confessional,6,15,0.04565,0.00333,0.00357,15.4,5916
Paramore,15,23,0.08261,0.00371,0.01167,19.956521739130434,30689
Awolnation,1,11,0.02609,0.00013,0.00025,17.363636363636363,9406
Fall Out Boy,17,21,0.08261,0.00566,0.01816,25.666666666666668,38071
Twenty One Pilots,3,9,0.02609,0.00026,0.00105,17.333333333333332,31617
The Cars,6,3,0.01957,0.00038,0.0016,18.333333333333332,4198
Rise Against,9,17,0.05652,0.00433,0.00613,20.176470588235293,17943
Little Richard,37,40,0.16739,0.02271,0.10237,19.275,25991
Creedence Clearwater Revival,14,10,0.05217,0.00114,0.0168,18.5,10240
The Doobie Brothers,3,24,0.0587,0.00136,0.00222,13.375,11232
Bad Company,15,16,0.06739,0.00449,0.03079,23.0625,5608
Small Faces,9,10,0.0413,0.00064,0.01194,18.5,8064
Billy Squier,4,18,0.04783,0.00139,0.00837,21.0,4437
Joe Walsh,19,27,0.1,0.00731,0.02632,18.59259259259259,11918
James Taylor,13,9,0.04783,0.00214,0.01307,20.22222222222222,14243
Beastie Boys,21,12,0.07174,0.00437,0.04011,15.166666666666666,21079
Bay City Rollers,1,5,0.01304,0.00153,0.00365,9.4,13167
The Kinks,10,13,0.05,0.00197,0.01289,19.23076923076923,19877
Mitch Ryder,3,7,0.02174,0.00059,0.00309,23.142857142857142,2534
The Four Seasons (band),2,3,0.01087,0.00019,0.00029,23.333333333333332,14686
Sly and the Family Stone,9,8,0.03696,0.00224,0.01438,16.875,9229
Live (band),13,10,0.05,0.00269,0.0118,13.8,5593
R.E.M.,23,17,0.08696,0.00636,0.03395,21.235294117647058,19849
Sublime (band),5,10,0.03261,0.00073,0.00206,16.1,7690
Blur (band),10,8,0.03913,0.00106,0.0064,18.625,13277
Sonic Youth,16,10,0.05652,0.00117,0.0394,27.9,12345
X (American band),4,1,0.01087,1e-05,0.00323,23.0,5128
Tom Petty,24,22,0.1,0.00754,0.04709,19.09090909090909,15089
The Zombies,1,4,0.01087,3e-05,0.00136,14.75,8357
INXS,10,19,0.06304,0.00606,0.00708,17.31578947368421,14224
Fun (band),3,4,0.01522,0.00025,0.00297,26.75,4051
Talking Heads,23,13,0.07826,0.00823,0.02111,16.692307692307693,8756
Sting (musician),22,18,0.08696,0.00382,0.03887,18.666666666666668,18457
Imagine Dragons,4,15,0.0413,0.00687,0.00328,17.6,17673
Chubby Checker,3,4,0.01522,9e-05,0.00377,15.25,7080
Jerry Lee Lewis,18,8,0.05652,0.00166,0.04087,19.125,15041
Eric Clapton,51,32,0.18043,0.01503,0.10124,18.0,31296
Roy Orbison,19,27,0.1,0.00512,0.04096,18.444444444444443,16508
Phil Collins,19,29,0.10435,0.00683,0.04025,21.620689655172413,30523
Glenn Frey,8,6,0.03043,0.00013,0.00867,19.833333333333332,8652
Bill Haley & His Comets,5,4,0.01957,0.00024,0.01141,14.75,10065
Tommy James and the Shondells,1,1,0.00435,0.0,0.0005,16.0,3967
Simple Minds,11,14,0.05435,0.00297,0.01396,16.5,17330
The Everly Brothers,7,13,0.04348,0.00106,0.02081,18.846153846153847,9036
Bo Diddley,16,11,0.0587,0.0039,0.02857,19.636363636363637,12866
John Mellencamp,13,14,0.0587,0.0022,0.02188,19.285714285714285,15332
John Mayer,11,10,0.04565,0.00273,0.01329,16.9,28001
Joe Cocker,12,15,0.0587,0.00213,0.01221,21.866666666666667,7295
Rainbow (rock band),14,5,0.0413,0.00048,0.03348,37.2,5996
Santana (band),18,5,0.05,0.00146,0.01921,23.2,7464
Billy Talent,4,17,0.04565,0.00037,0.00147,23.41176470588235,7795
The Tragically Hip,5,7,0.02609,0.00072,0.00199,28.428571428571427,10304
Muse (band),17,16,0.07174,0.00479,0.02444,24.8125,15904
Whitesnake,25,31,0.12174,0.0088,0.05182,21.93548387096774,27107
Quiet Riot,16,19,0.07609,0.00291,0.04139,25.94736842105263,10828
Great White,4,19,0.05,0.00024,0.0124,24.31578947368421,9634
John Mayall & the Bluesbreakers,7,8,0.03261,0.00082,0.02,18.625,1896
Golden Earring,2,8,0.02174,0.00015,0.01394,27.375,3867
Highly Suspect,1,9,0.02174,0.00012,0.00027,14.0,4691
Tracy Chapman,2,1,0.00652,2e-05,0.00028,15.0,7588
Social Distortion,11,14,0.05435,0.00472,0.01373,22.071428571428573,9092
Dropkick Murphys,5,5,0.02174,0.00031,0.00436,24.2,14550
Coheed and Cambria,3,20,0.05,0.00038,0.00793,26.1,11456
Depeche Mode,26,27,0.11522,0.00729,0.03591,22.037037037037038,21630
Jimmy Eat World,11,10,0.04565,0.00128,0.005,24.5,7902
Good Charlotte,6,18,0.05217,0.00115,0.00262,19.72222222222222,12733
Mumford & Sons,3,8,0.02391,0.00024,0.00135,17.0,11310
Blondie (band),16,16,0.06957,0.00426,0.01838,17.6875,12332
Buddy Holly,31,17,0.10435,0.00909,0.07174,16.647058823529413,12839
Pat Benatar,8,14,0.04783,0.00317,0.00532,13.071428571428571,9272
The Pretenders,6,4,0.02174,0.00031,0.0034,20.5,4550
Bloodhound Gang,1,1,0.00435,1e-05,0.00011,27.0,5088
The Animals,6,3,0.01957,9e-05,0.00503,15.333333333333334,4822
Grateful Dead,25,8,0.07174,0.00327,0.03575,12.0,21478
Jefferson Airplane,16,11,0.0587,0.00464,0.01916,12.454545454545455,12970
Blues Traveler,7,4,0.02391,0.00026,0.00659,18.0,5175
Fats Domino,14,14,0.06087,0.00167,0.04634,19.642857142857142,8625
The Verve,2,5,0.01522,0.00013,0.00292,26.8,7280
George Thorogood,4,1,0.01087,1e-05,0.00394,11.0,6519
Traveling Wilburys,6,12,0.03913,0.00023,0.01482,19.666666666666668,9909
The Byrds,9,9,0.03913,0.00076,0.01895,20.444444444444443,29052
Bryan Ferry,6,7,0.02826,0.00024,0.00995,20.857142857142858,11784
Van Morrison,23,17,0.08696,0.00461,0.03332,20.764705882352942,32015
Dire Straits,10,11,0.04565,0.00136,0.01714,21.818181818181817,12644
Tom Petty and the Heartbreakers,18,20,0.08261,0.00585,0.03085,19.3,6612
Duane Eddy,6,8,0.03043,0.00028,0.00966,18.25,9714
John Fogerty,12,9,0.04565,0.00138,0.01692,16.11111111111111,8926
Grand Funk Railroad,5,6,0.02391,0.00032,0.00614,16.5,5449
Bowling for Soup,3,11,0.03043,0.00255,0.00263,21.818181818181817,10861
The All-American Rejects,4,11,0.03261,0.0033,0.00416,20.181818181818183,9305
Skillet (band),7,18,0.05435,0.00048,0.00581,18.77777777777778,12067
Flyleaf (band),9,11,0.04348,0.00025,0.01004,20.545454545454547,7512
Starset,2,10,0.02609,7e-05,0.00278,22.9,7762
Interpol (band),4,3,0.01522,3e-05,0.00396,8.666666666666666,6370
Melissa Etheridge,3,8,0.02391,0.00041,0.00369,18.125,8898
Status Quo (band),9,10,0.0413,0.00135,0.01033,21.9,10340
Rammstein,8,10,0.03913,0.00032,0.0187,26.9,16781
Buckcherry,8,15,0.05,0.00053,0.0164,26.533333333333335,4798
Ritchie Valens,5,11,0.03478,0.00042,0.00899,20.0,6364
The Big Bopper,3,4,0.01522,9e-05,0.00504,17.0,4892
Steve Winwood,17,14,0.06739,0.00235,0.03636,18.142857142857142,8542
Cake (band),4,6,0.02174,0.00027,0.00163,10.166666666666666,9301
The Black Keys,2,8,0.02174,0.00136,0.00017,19.25,17816
Foals (band),3,6,0.01957,0.00023,0.0018,20.333333333333332,6823
Counting Crows,12,9,0.04565,0.00265,0.00537,19.666666666666668,9282
Modest Mouse,6,5,0.02391,0.00046,0.00239,15.8,6623
Canned Heat,5,12,0.03696,0.00098,0.00627,17.25,6609
The Mothers of Invention,3,8,0.02391,0.00022,0.00303,21.875,8684
John Mayall,5,10,0.03261,0.00297,0.00861,16.3,6375
Catfish and the Bottlemen,2,5,0.01522,0.00016,0.0014,20.0,9588
Charlie Daniels,3,4,0.01522,0.00078,0.00464,14.5,7782
The Marshall Tucker Band,2,4,0.01304,0.00024,0.00059,13.5,7317
Thirty Seconds to Mars,6,18,0.05217,0.00138,0.00454,23.166666666666668,10783
Finger Eleven,12,13,0.05435,0.00111,0.00846,23.384615384615383,5751
Jeff Buckley,12,25,0.08043,0.00258,0.0169,22.56,13399
Supertramp,5,4,0.01957,0.00098,0.00687,27.75,8180
Chris Rea,1,8,0.01957,0.00018,0.00036,29.75,11059
The Bangles,4,6,0.02174,0.00019,0.00196,18.666666666666668,5623
Steve Miller Band,8,4,0.02609,0.00044,0.01404,21.5,4375
The Used,6,9,0.03261,0.00047,0.00407,20.666666666666668,8340
Little River Band,2,11,0.02826,0.00108,0.00529,17.09090909090909,17892
Joe Satriani,11,15,0.05652,0.00432,0.03412,27.333333333333332,8962
Travis (band),3,8,0.02391,0.00013,0.00293,20.75,7332
Collective Soul,6,9,0.03261,0.00235,0.00339,15.333333333333334,5693
Hootie & the Blowfish,2,3,0.01087,5e-05,0.00039,23.666666666666668,4485
Sheryl Crow,16,16,0.06957,0.00395,0.0176,20.75,13879
The Band,6,18,0.05217,0.00137,0.00973,17.22222222222222,13080
Crowded House,7,8,0.03261,0.00166,0.00463,16.875,10764
Men at Work,2,2,0.0087,4e-05,0.00049,20.0,7076
Dan Fogelberg,3,6,0.01957,0.00016,0.00292,17.166666666666668,3577
The Strokes,5,9,0.03043,0.00107,0.00585,15.666666666666666,10718
The Hives,1,3,0.0087,6e-05,0.00015,21.0,6316
Lifehouse (band),2,3,0.01087,4e-05,0.00144,13.333333333333334,6609
Death Cab for Cutie,5,2,0.01522,0.00026,0.00345,18.5,10217
Faces (band),7,5,0.02609,0.00025,0.01516,17.0,6273
Kansas (band),5,15,0.04348,0.00262,0.00964,21.133333333333333,7549
Traffic (band),11,6,0.03696,0.00127,0.02294,15.833333333333334,4953
Europe (band),4,15,0.0413,0.00022,0.011,26.533333333333335,8423
Steve Vai,12,12,0.05217,0.00129,0.03293,27.833333333333332,17816
The Sweet,5,25,0.06522,0.00294,0.00571,28.56,10435
Ghost (Swedish band),6,20,0.05652,0.00037,0.01566,30.3,26246
Tenacious D,4,21,0.05435,0.00084,0.00411,21.047619047619047,18351
Pop Evil,8,14,0.04783,0.00067,0.00837,23.928571428571427,3827
The Moody Blues,4,16,0.04348,0.00053,0.00937,23.625,14151
Drowning Pool,5,21,0.05652,0.00118,0.00578,30.476190476190474,5619
Saliva (band),4,9,0.02826,0.00015,0.00115,19.444444444444443,6512
Saving Abel,6,9,0.03261,0.00031,0.00392,19.666666666666668,2357
P.O.D.,12,11,0.05,0.00075,0.01418,22.0,7872
Snow Patrol,4,7,0.02391,0.00042,0.00457,20.0,10653
Franz Ferdinand (band),6,12,0.03913,0.00375,0.00417,16.75,8516
Jack White,9,11,0.04348,0.00218,0.02328,19.545454545454547,22626
The Pretty Reckless,2,23,0.05435,0.00036,0.00213,20.26086956521739,14112
Everclear (band),6,16,0.04783,0.00273,0.00597,12.9375,5988
The Monkees,10,5,0.03261,0.00027,0.01207,24.4,17803
Five for Fighting,1,10,0.02391,0.00014,0.00017,21.0,10986
Manfred Mann Chapter Three,5,4,0.01957,0.00119,0.00399,23.5,529
Flogging Molly,2,8,0.02174,0.00019,0.00082,16.5,2649
Florence and the Machine,2,8,0.02174,0.00075,1e-05,16.75,17686
Foster the People,1,2,0.00652,0.00108,0.00014,14.0,10799
The Cardigans,1,1,0.00435,1e-05,0.00017,13.0,3966
Kaiser Chiefs,2,6,0.01739,8e-05,0.00119,20.0,6991
The Smiths,3,17,0.04348,0.00089,0.00105,17.235294117647058,15635
Parliament-Funkadelic,4,5,0.01957,0.00203,0.0056,18.4,5016
Parliament (band),3,2,0.01087,1e-05,0.00137,5.0,1657
Gary Glitter,3,10,0.02826,0.00024,0.00266,21.0,14590
Ian Dury,1,6,0.01522,7e-05,0.00043,20.166666666666668,8584
Mike and the Mechanics,1,2,0.00652,3e-05,0.00234,13.0,4204
Silverchair,3,17,0.04348,0.00078,0.00451,30.764705882352942,15263
Hall & Oates,8,6,0.03043,0.00106,0.0093,17.166666666666668,12263
Greta Van Fleet,1,9,0.02174,6e-05,0.00781,28.77777777777778,9806
Jim Croce,1,1,0.00435,0.0,0.00606,45.0,4445
Paul McCartney and Wings,4,9,0.02826,0.00021,0.01703,21.0,10895
Icehouse (band),3,10,0.02826,0.00075,0.00145,17.2,9802
Harry Chapin,4,2,0.01304,0.00012,0.00299,6.0,6451
X Ambassadors,1,4,0.01087,4e-05,0.00014,12.5,5603
The Go-Go's,1,6,0.01522,0.00011,0.00029,16.333333333333332,6912
The White Stripes,3,10,0.02826,0.00038,0.00125,22.1,28295
Kings of Leon,7,8,0.03261,0.00064,0.01399,22.875,7684
Ten Years After,4,2,0.01304,0.00014,0.00376,20.0,2854
Starship (band),2,5,0.01522,0.00023,0.00108,14.4,5697
The Lovin' Spoonful,3,13,0.03478,0.00026,0.00265,14.0,27113
The Outfield,1,7,0.01739,6e-05,0.00171,22.142857142857142,5929
The Lumineers,1,14,0.03261,0.00042,0.00128,20.357142857142858,9767
Keane (band),4,8,0.02609,0.00045,0.00224,24.625,10059
Steppenwolf (band),3,4,0.01522,0.00026,0.00663,14.5,3839
The Killers,4,15,0.0413,0.00071,0.00274,18.133333333333333,20173
Manfred Mann (musician),3,4,0.01522,3e-05,0.00102,9.5,2388
The Jam,3,4,0.01522,4e-05,0.00121,21.5,8608
The Cranberries,2,10,0.02609,9e-05,0.00028,16.2,19831
The Allman Brothers Band,3,9,0.02609,0.00028,0.00226,15.444444444444445,13128
Vampire Weekend,1,7,0.01739,0.00146,0.00112,15.0,10444
The Jesus and Mary Chain,1,13,0.03043,0.00035,0.0031,15.307692307692308,9465
Smash Mouth,1,14,0.03261,0.00019,0.00027,18.571428571428573,9336
Smokie (band),1,2,0.00652,0.0001,0.00157,17.5,4730
The Fray,2,11,0.02826,0.00025,0.00112,14.545454545454545,8889
The Script,1,5,0.01304,4e-05,0.00025,18.2,6983
